cluster_id,sequence_order,lat,lon,cumulative_distance_km,store_name
1,1,13.5300007,75.3663962,3097.1407,"Test Store"
2,1,2.822197,101.817315,3140.6954,"1 BABA STORE SDN BHD"
3,1,3.093567658,101.6816377,33.7273,"1 JUTA NASI LEMAK ENTERPRISE (K88 Food COURT)"
4,1,3.097621,102.219079,59.6752,"118 FRESHMART"
5,1,3.196440575,101.6646699,62.5276,"126 RESTAURANT (9AM-3.30PM)"
6,1,2.6664974,101.9183007,65.3122,"1ST GRID SDN. BHD."
7,1,3.131789,101.753551,54.8777,"29 GROCER (Open 8.30am-5.30pm)"
8,1,3.121364778,101.6854691,7.6474,"51 GROCER (8AM-8PM)"
8,2,3.20193959,101.7157807,17.2182,"7 PELANGI SDN BHD"
8,3,3.195203231,101.7329516,19.2664,"810 SPEEDMART SDN BHD (open 8am-4pm) (close 1pm-2pm) - SAT CLOSED"
9,1,6.058697979,100.4433523,349.0085,"88 DISTRIBUTION (MALAYSIA) SDN.BHD."
10,1,3.128969,101.465095,344.8897,"88 FRESHMART SDN. BHD. (Mon-Sat: 9.30am-8pm|Fri: 12pm-3pm rest)"
11,1,4.229969213,103.4305115,250.1029,"A 1 SYUKUR ENTERPRISE - 8am to 7pm delievery"
12,1,3.164167089,101.7175381,223.9943,"A MART SUPERSTORE SDN BHD"
13,1,3.024007,101.748703,15.9646,"A S M FAHIM HOLDINGS SDN BHD (Fri: 1pm-3pm rest)"
14,1,3.129044,101.465035,33.5927,"A&T ASTAKA MART (Mon-Fri: 8am-6pm| Sat: 3pm closed)"
15,1,3.128957,101.465118,0.0134,"A&T ASTAKA MART-PORT KLANG (Mon-Sat: 9am-6m)"
15,2,3.1909023,101.5884752,15.3437,"A&Z BARKAT MAJU MARKETING (12pm-3pm close)"
16,1,3.128957,101.465118,15.3304,"A.RENGASAMY & SONS (MON-FRI : 8AM-6PM | SAT CLOSED AT 3PM)"
17,1,3.046857,101.740794,31.9416,"AA WORLD ENTERPRISE (Fri: Close during prayer)"
18,1,3.055909,101.63768,11.4937,"AAA MINI MARKET (Mon-Sat: 10am-6pm|Friday close)"
19,1,2.245917365,102.2347278,111.8482,"ABDUL SALAM A/L KADER IBRAHIM"
20,1,3.128912,101.465079,130.1847,"ABIRAMIS CASH & CARRY"
21,1,2.144482,102.373431,148.8700,"ABM FOOD INDUSTRY (CALL BEFORE DELIVER)"
22,1,3.156204699,101.6279132,139.6892,"ABT FRESH & FROZEN FOOD SUPPLY S/B (MON-FRI 8AM-5 PM) (SAT 8AM-1PM)"
23,1,3.196925,101.759184,15.2614,"ACCESS FOUR TRADING (Fri: Halfday for prayer)"
24,1,2.8609839,102.2711055,68.0189,"AD DIN TEGUH RESOURCES"
25,1,3.210918,101.567095,87.3211,"ADA CASH & CARRY SDN BHD (Mon: No delivery after 2 pm)"
26,1,3.162200822,101.7176114,17.5669,"AFIA MARIAM TRADING SDN BHD (LORI KECIL)"
27,1,3.196037479,101.6420222,9.1970,"AGRO 19 BERHAD"
28,1,2.320073379,102.2592336,119.1070,"AHMAD KHANAPI BIN HJ UMAR (FRIDAY off 12pm - 4pm)"
29,1,3.12898,101.465116,125.9754,"AHMAD PATANG ENTERPRISE (Mon-Sat: 9am-6pm)"
30,1,3.086685362,101.7078735,27.3609,"AI KOPI ENTERPRISE (DELIVERY BY 4BY4)"
31,1,3.485193876,102.3518292,84.1066,"AIK HENG (MON-FRI 9PM to 3PM)"
32,1,2.6914164,101.9888259,97.0312,"AIMAN BAHAR MINI MARKET"
33,1,3.133395,101.45851,76.7046,"AINUR NADI ENTERPRISE (Fri: 12pm-3pm rest)"
34,1,3.129056,101.465033,0.8702,"AJ AARYAN MINI MARKET (Mon-Sat: 9am-6pm|Fri: 12pm-3pm rest)"
35,1,2.5732709,101.8330101,74.0902,"AKPS CASH & CARRY"
36,1,3.014075,101.560209,57.6234,"AL AWWAL BISTRO"
37,1,3.128957,101.465118,16.5730,"AL HISHA MINI MARKET (Mon-Sat: 9am-6pm| Fri: NO DELIVERY)"
38,1,2.7312522,102.0785258,81.2144,"ALANGACU UB TRADING"
39,1,2.680775,101.902971,20.2908,"ALEE FROZEN AND FOOD SUPPLY-8.30AM-5.30PM"
40,1,3.185554228,101.6774922,61.4607,"ALI FOOD CORNER - RESTORAN ALI FOOD'S CORNER (SEGAMBUT)"
41,1,2.260321702,102.1965873,117.9348,"ALINAH KARIM ENTERPRISE"
42,1,2.8095395,102.4044522,65.2898,"ALIYA FARHANA ENTERPRISE"
43,1,3.01451,101.754604,75.6800,"ALTA JAYA ENTERPRISE"
44,1,3.2009369,101.4766868,37.1740,"AMA WORLDWIDE SDN BHD (Open 8am-8pm) Friday closed"
45,1,3.073115126,101.7185008,30.3783,"AMAN RAHIM ENTERPRISE"
46,1,3.449908117,102.3515554,81.8196,"AMAZING INDUSTRIES SDN BHD - Monday to saturday"
47,1,3.158203235,101.7475888,74.4803,"AMPANG GROCERS SDN BHD"
48,1,3.074688,101.61253,17.6382,"AMPLE PROSPERITY SDN. BHD. (DELIVERY : MON - FRI)"
49,1,3.110411007,101.7301672,13.6523,"AMRI & HARTINI ENTERPRISE (Fri: 12pm-3pm close)"
50,1,3.128957,101.465118,29.5006,"AMSB RESOURCES SERVICES SDN. BHD. (Mon-Sat: 9.30am-6pm|Fri: 12pm-3pm rest)"
51,1,3.339879,101.577612,26.5713,"ANDA MINI MARKET"
52,1,5.310178702,103.1571132,280.4773,"ANGKARAMA SDN BHD"
53,1,3.378511246,102.9380768,216.1601,"ANJUNG SATU ENTERPRISE (Inform sales person for confirmation before delivery)"
54,1,2.815707,101.813339,139.6849,"ANNACHI WHOLESALE CASH & CARRY (M) SDN. BHD."
55,1,2.5678068,101.8269905,27.6069,"ANTHONY A/L AROKIAM"
56,1,2.6707434,101.9207589,15.4757,"APMK ENTERPRISE"
57,1,2.041680701,102.6564027,107.5762,"ARAKHAN RAHAMAT SDN BHD"
58,1,2.232541938,102.2415204,50.7512,"ARAS DUA ENTERPRISE (FRIDAY open 3.00pm)"
59,1,2.9457585,102.4959275,84.1906,"ARD ASIAH ENTERPRISE (Open 7am-8pm|1pm-4pm rest)"
60,1,3.028178,101.625312,97.1099,"ARL SUPER MART (Mon-Sat: 9am-5.30pm)"
61,1,3.195193933,101.6916745,19.9796,"AS BISMI MINI MART (9am-9pm|Fri: 12pm-3pm)"
62,1,3.808958963,103.323537,193.5469,"ASD SUNMOON SDN BHD"
63,1,2.750565,101.966302,191.1842,"ASHA SPEEDMART (FRIDAY CLOSED)"
64,1,3.128957,101.465118,69.7702,"ASHOKAH GROCERY & SPICE MART (Mon-Sat: 10am-6pm)"
65,1,3.187566,101.571467,13.4866,"ASIAN DINE SDN BHD"
66,1,3.198416112,101.6579334,9.6752,"ATHILAKSHMI CASH & CARRY SDN BHD"
67,1,3.2153632,101.5662228,10.3547,"AURA NURILHAM ENTERPRISE"
68,1,2.694291,101.909831,69.3760,"AUTHENTIC CHARCOAL GRILL HOUSE -  DELIVERY BY THOMAS"
69,1,3.128957,101.465118,69.1014,"AYANG MAJU ENTERPRISE (Fri: 12pm-3pm close)"
70,1,3.128957,101.465118,0.0000,"AZHALAGAN RESOURCES (Friday close)"
70,2,3.1973148,101.567381,13.6633,"AZIZI MINI MARKET"
71,1,3.129033,101.465084,13.6617,"AZVA GLOBAL SDN BHD (Mon-Fri: 8am-6pm|Fri: 12pm-3pm rest|Sat: 4pm close)"
72,1,3.026672,101.724401,30.9612,"B CART TRADING"
73,1,3.245137,101.426723,41.0178,"BABAU SENTOSA ENTERPRISE (SELANGA FRESH MART) (Open 7am-10pm | Close Fri:12pm-2.30pm)"
74,1,2.682213,101.972429,87.1218,"BABAU SENTOSA SDN BHD"
75,1,2.818299,101.814185,23.1923,"BAIDURI BIJAKSANA SDN. BHD."
76,1,2.458855,102.223937,60.5722,"BAIDURI MART (CALL B4 DELIVERY)"
77,1,2.240938969,102.2595423,24.5519,"BAKERS CHOICE INGREDIENTS STORE"
78,1,2.81213,101.497758,105.8072,"BAN BEE HUAT ENTERPRISE"
79,1,3.128957,101.465118,35.4155,"BAN JOO TRADING CO. *"
80,1,5.971514518,100.401395,337.3494,"BAN SENG HIN CO.SDN BHD"
81,1,2.939717,102.070984,384.5776,"BAN SING SUNDRY ENTERPRISE"
82,1,2.6707412,101.9207556,34.2478,"BAN Y MINI MARKET"
83,1,2.85325,101.800804,24.2763,"BANG SHENG TRADING"
84,1,3.129901994,101.7563689,31.1555,"BEAUTY LIVING (PANDAN INDAH) SDN. BHD. (Open receiving 9am-6pm)"
85,1,3.206207093,101.6533077,14.2449,"BEN MART TRADING SDN BHD"
86,1,3.1899834,101.5649231,9.9771,"BERAS AGRO (M) SDN BHD"
87,1,2.190469,102.300023,137.9085,"BERKAT GLOBAL MAKMUR ENTERPRISE (PLS CALL B4 DELIVER)"
88,1,2.850165,101.650302,102.9088,"BERKAT MADINA MART (Mon-Fri: 8am-5.30pm| Fri: 12pm-3pm rest| Sat: 4.30 pm close)"
89,1,2.7483076,102.1822433,60.1545,"BERKAT NORA FAMILY ENTERPRISE (Open 8am-6pm)"
90,1,3.128967,101.465128,90.1847,"BEST FRESH MART SDN BHD - KLANG (Open at 10am|Sat: NO DELIVERY)"
91,1,3.20312424,101.6210952,19.1794,"BEST RETAIL SDN BHD (BR INGREDIENTS) (Mon to Sat 9.30am-6.30pm) (Sun & PH 9.30am-3pm)"
92,1,3.217327111,101.7381495,13.0910,"BESTA CORPORATION SDN BHD"
93,1,3.2465493,101.4728759,29.6289,"BI IZNILLAH ENTERPRISE (Open 9am - 7pm)"
94,1,2.214852373,102.269957,144.9070,"BIG 10 GROCER (BUKIT BARU) SDN BHD"
95,1,3.769185986,103.2477537,204.1078,"BIG 10 GROCER (GAMBANG) SDN BHD"
96,1,2.5382376,102.405752,165.7523,"BIG 10 GROCER (GEMENCHEH) SDN BHD"
97,1,2.498196531,102.8674594,51.4828,"BIG 10 GROCER (SEGAMAT) SDN BHD"
98,1,3.1665038,101.4253537,176.5586,"BIG FAMILY RESTAURANT SDN BHD"
99,1,3.219705044,101.6294093,23.4144,"BIG TREE CORNER"
100,1,3.088609843,101.7434149,19.3057,"BIG TREE PLT (24 Hrs - Every 2 weeks off 1 day)"
101,1,2.8085664,102.4010826,79.3939,"BILLION SHOPPING CENTRE (KLANG) S/B"
102,1,2.684408,101.9051381,56.7869,"BINA SEJAHTERA MAJU (DELIVERY 2PM-5PM)"
103,1,3.128957,101.465118,69.5073,"BINA SEMULA ENTERPRISE (Mon-Sat: 10am-8pm|Fri: 12pm-3pm rest)"
104,1,3.2073436,101.4969526,9.4055,"BINTANG HU TRADING (FRIDAY CLOSED)"
104,2,3.2118755,101.5300983,13.1197,"BINTANG HU TRADING(FRIDAY CLOSED)"
105,1,2.94739,101.845925,45.7674,"BIRMIR CASH & CARRY"
106,1,2.226727592,102.317883,95.7596,"BISMI NETWORKS"
107,1,2.8083837,102.405653,65.4080,"BK FRESH & FROZEN FOOD MARKET (Open everyday 4am-12pm)"
108,1,2.241015,102.240733,65.6947,"BKS FROZEN TRADING"
109,1,3.034485,101.43268,125.8592,"BNS MINI MARKET (Mon-Sat: 10am-7pm|Fri: 12pm-3pm rest)"
110,1,3.038428,101.770019,37.4603,"BONKEE YUAN TRADING SDN. BHD. - PASAR RAYA SEGAR FRESH BOULEVARD"
111,1,3.118793521,101.6493211,16.1078,"BRICK HOUSE SDN. BHD."
112,1,2.7066691,101.9405558,56.0895,"BUGAHIR MINI MARKET"
113,1,2.684181,101.908771,4.3263,"BUMI INSPIRA ENTERPRISE"
114,1,3.188154,101.573128,67.3027,"BUMI SEHATI FROZEN FOOD SDN BHD"
115,1,3.12911,101.465052,13.6779,"BUN VIET RESTAURANT (Mon-Sat: 11am-8pm)"
116,1,1.525020024,103.7631201,311.4484,"BUNEER PAK ENTERPRISE"
117,1,2.810548,101.802492,260.5614,"BUSY CORNER SDN BHD"
118,1,2.656578,101.560182,31.8971,"C S HUAT ENTERPRISE"
119,1,4.501463719,103.4428081,292.7989,"CAFILA CAFE"
120,1,3.214478948,101.6320953,246.6430,"CAMP FOREST RESTAURANT (Open 11.30am-10.30pm)"
121,1,2.81569,101.813293,48.6945,"CANDRIKAA CASH & CARRY (10AM-6PM)"
122,1,2.7943941,102.4255772,68.0425,"CANDY CRUM SDN. BHD. - POPCORN BAHAU (Open 10am-5.30pm|Sun close)"
123,1,3.10863638,101.7459843,83.1638,"CB FROZEN FOOD SDN BHD - CHERAS BRANCH  8AM-5PM"
124,1,2.818216,101.814241,33.1709,"CB FROZEN FOOD SDN BHD - NILAI BRANCH"
125,1,2.252079,102.237504,78.5725,"CB FROZEN FOOD SDN BHD- MELAKA 7AM-4PM"
126,1,3.135418376,101.7421538,112.5825,"CB FROZEN FOOD SDN. BHD. - PANDAN JAYA (Monday-Saturday: 8am-5pm)"
127,1,3.200736131,101.7304739,7.3779,"CB FROZEN FOOD SDN. BHD. - SRI RAMPAI"
128,1,3.2105831,101.2785965,50.1798,"CB FROZEN FOOD SDN. BHD. - SUNGAI BULOH (Monday-Saturday: 8am-5pm)"
129,1,3.2105831,101.2785965,0.0000,"CB WHOLESALE MART SDN BHD - SUNGAI BULOH"
130,1,3.109566523,101.6708643,44.9770,"CEMPAKA ROSINAR ENTERPRISE (Fri close)"
131,1,2.297577,102.2432,110.4228,"CH CASH & CARRY (Rest 1pm-2pm|Call before delivery|No delivery lunch time)"
132,1,5.406014205,100.2870412,408.1130,"CHAI MUN MENG"
133,1,3.132408666,101.7111244,298.0727,"CHAMPION FOOD SDN. BHD. (open 9am - 2pm)"
134,1,6.058351724,100.4437012,354.3760,"CHANTIKA KELANG BERAS SDN BHD"
135,1,3.015506777,101.7211052,366.7759,"CHAW ENTERPRISE (SJK (C) KUNG MAN) - (Mon to Fri - After 2pm) (4pm Close)"
136,1,2.8769164,102.5218768,90.2495,"CHE LAH BIN ISMAIL (Open 8am-8pm|Rest: 1pm-3.30pm)"
137,1,3.051664,101.746996,88.2141,"CHECKERS HYPERMARKET S/B - DELIVER TO CHERAS (Sat: Receiving halfday)"
138,1,3.128959,101.465107,32.4577,"CHETTIES MART (Mon-Sat:10am-6pm)"
139,1,2.640694,102.2939612,106.8662,"CHIA BERJAYA ENTERPRISE"
140,1,3.087866,101.692126,83.3044,"CHIA HUNG LI - KILANG KUIH-MUIH (No big truck)"
141,1,3.198458,101.5692969,18.3631,"CHIA SHING FOOD INDUSTRIES SDN BHD"
142,1,2.7366944,102.2385201,90.3271,"CHIA YEN LAI ENTERPRISE (Open 7am-4pm|Tue close)"
143,1,2.272701867,102.2464235,51.6011,"CHIN MC MINI MARKET"
144,1,2.640419407,101.7165745,71.6702,"CHIN MEE (Thu: NO DELIVERY)"
145,1,3.170735565,101.6664263,59.2309,"CHIN SWEE FOOD SDN BHD (10am-5pm) (RABU TUTUP)"
146,1,3.830996984,103.3732004,203.1592,"CHING MAJU TRADING"
147,1,2.189339,102.620761,200.7555,"CHONG KIAW TRADING COMPANY (SATURDAY NO DELIVERY)"
148,1,2.302969,102.266971,41.2901,"CHOONG HOE CASH & CARRY SDN BHD (Mon-Fri 10.30am open, 12pm-2pm rehat)"
149,1,2.304469955,102.2681748,0.2139,"CHOONG HOE TRADING (Mon-Fri ONLY 10am-1pm, 2pm-5pm)"
150,1,2.740697,101.939021,60.7440,"CHOONG KHOON MUI (10AM start business) (Sunday Off)"
151,1,2.69016,101.751236,21.6010,"CHOP CHEN HENG (open 10.30am)"
152,1,3.9904696,100.7863881,179.9344,"CHOP CHIN TAI"
153,1,4.755307706,103.4123641,303.3101,"CHOP CHOON BEE - Friday close."
154,1,2.646738,101.746283,298.5746,"CHOP GUAN HONG"
155,1,3.214863859,101.653769,64.0026,"CHOP HONG CHAN (Open 8am)"
156,1,2.728787,101.939099,62.6517,"CHOP KHOON SENG (MON TO SAT)"
157,1,2.808397,102.405753,52.5795,"CHOP KWONG LOONG"
158,1,3.129092,101.465103,110.3742,"CHOP LIAN HUP (SUNDAY CLOSE) MON-SAT 7AM-7PM"
159,1,2.165529,102.320288,143.1877,"CHOP PENG SENG"
160,1,3.863638866,103.2448154,214.9229,"CHOP SENG FONG -  9am to 5pm delivery everyday. Monday to sunday"
161,1,3.021308,102.081692,159.4969,"CHOP SHING LOONG"
162,1,2.946493,101.845751,27.4889,"CHOP TOON CHOON THONG"
163,1,3.466830698,102.3942353,83.9977,"CHOP WAN CHONG - Mon - sat 9-5pm delivery"
164,1,4.7185385,101.1213573,198.2476,"CHOP WENG SENG"
165,1,3.533299463,103.4599642,290.9264,"CHOP YAP HENG"
166,1,2.818956,101.813013,199.3577,"CHUN MENG ENTERPRISE-DELIVER AFTER 12PM- SMALL LORRY (no red packing csr)"
167,1,2.296981519,102.1340607,68.1220,"CK FROZEN MART SDN BHD (9.30am-7pm) (Sunday Off)"
168,1,3.129043,101.46515,118.6590,"CLC WHOLESALER (BANTING) SDN BHD"
169,1,2.944514,101.844746,46.8789,"CLC WHOLESALER (SEMENYIH) SDN BHD"
170,1,2.6707521,101.9825646,34.0725,"CMM CHITA ENTERPRISE"
171,1,2.682553,101.943123,4.5732,"COLDMAXGOLD (TUESDAY OFF)"
171,2,2.726096,101.911406,10.5610,"COOKING MASTER RESTAURANT (THURSDAY OFF) (OPEN 1PM)"
172,1,3.9954028,101.0050959,173.3244,"COSMOS VALUE MART"
173,1,3.129036,101.465082,109.0254,"CRESCENT STAR IMPEX SDN. BHD."
174,1,2.660534,101.878845,69.4640,"CT EXTRA STORES (SENDAYAN) SDN BHD - DELIVERY B4 5PM & SAT OFF"
175,1,2.817867,101.814519,18.8973,"CT EXTRA STORES SDN BHD - DELIVERY B4 5PM & SAT OFF"
176,1,3.731242367,103.324526,195.9962,"CUMI MAJU ENTERPRISE (FRI 12-3PM CLOSE)"
177,1,2.4843761,102.200832,186.5161,"CVM AYAPA ENTERPRISE (Open 11am-6pm)"
178,1,3.0995071,101.4167627,110.7317,"D A R RESOURCES (KEDAI MAKAN HARMONY)"
179,1,3.379330959,102.9507857,173.1219,"D FALAH ENTERPRISE"
180,1,3.1893964,101.5883007,152.7199,"DAMANSARA DAMAI ENTERPRISE (12pm-3pm close)"
181,1,2.8113617,102.4018009,99.6345,"DARIN BARAKAH ENTERPRISE - PASAR MINI AZMAN (MAWANG) (Open 7.30am-7pm|Fri close)"
182,1,2.9426231,102.4999387,18.2157,"DARUSSALAM MART"
183,1,2.7052953,101.9525987,66.2686,"DARUSSALAM MINI MART"
184,1,2.65255,101.9253291,6.6010,"DEVIAD A/L FRANCIS"
185,1,2.8085439,102.4055884,56.0911,"DIN MINIMART (Mon-Sun: 8.30am-7pm|Fri close)"
186,1,3.1877839,101.5758332,101.3297,"DISTINCTIVE MODEL SDN BHD (TOYOTA SERVIS CENTRE)"
187,1,2.986935,101.46782,25.3498,"DIVINE MART (Mon-Sat: 9am-6pm)"
188,1,3.128986,101.465091,15.7983,"DIYA AL DIN ENTERPRISE (Mon-fri : 8am-6pm | Fri 12pm-3pm closed)"
189,1,4.766536813,103.4199939,283.1617,"DONA TRADING SDN BHD - Friday close"
190,1,2.710255,101.888816,284.8540,"DS KOPITIAM (MONDAY CLOSED)"
191,1,2.7012793,102.1629923,30.4694,"DSENARA ENTERPRISE (Mon-Fri: 7am-4pm|Sat-Sun close)"
192,1,3.9572358,100.9745809,192.1109,"DSS MINI MARKET"
193,1,3.128992,101.465101,106.9828,"DWELLING MAKERS SDN BHD - WYNDHAM (ACMAR KLANG) (Mon-Fri: 9am-12pm, 2pm-5pm)"
194,1,6.245517549,100.4472304,364.4347,"DXN INDUSTRIES (M) SDN BHD"
195,1,2.183472861,102.2608145,494.4129,"EAT REAL ENTERPRISE - LUTAN 21 (Open 8am|Receiving: Prefer in morning)"
196,1,3.128957,101.465118,137.3471,"ECO MART & CAFE (Mon-Sat: 10am-6pm)"
197,1,1.370150133,104.272228,368.1292,"ECONSAVE CASH & CARRY (AD) SDN BHD"
198,1,2.275961752,102.253667,245.9111,"ECONSAVE CASH & CARRY (BB) SDN BHD *"
199,1,2.094347872,102.7858315,62.4843,"ECONSAVE CASH & CARRY (BKR) SDN BHD"
200,1,5.336695959,100.4663038,442.9549,"Econsave Cash & Carry (BM) Sdn Bhd"
201,1,3.934803899,102.3819548,263.3903,"ECONSAVE CASH & CARRY (BM) SDN. BHD.- JERANTUT"
202,1,5.622855301,100.5409963,277.2050,"Econsave Cash & Carry (BPJ) Sdn Bhd"
203,1,5.399154101,100.3765135,30.8247,"Econsave Cash & Carry (BW) Sdn Bhd"
204,1,2.474924165,102.2213142,384.1880,"ECONSAVE CASH & CARRY (BW) SDN BHD - TAMPIN"
205,1,1.59075379,103.8991659,210.7824,"ECONSAVE CASH & CARRY (DC) SDN BHD"
206,1,1.718422103,103.8956198,14.2015,"ECONSAVE CASH & CARRY (DJ) SDN BHD"
207,1,5.356489881,103.1800292,412.2541,"ECONSAVE CASH & CARRY (EC) SDN BHD"
208,1,2.212933184,102.6513516,354.4339,"ECONSAVE CASH & CARRY (GB) SDN BHD-SAT OFF"
209,1,1.52470633,103.5929995,129.6460,"ECONSAVE CASH & CARRY (JEB) SDN BHD"
210,1,3.772145267,102.5721571,274.4227,"ECONSAVE CASH & CARRY (JK) SDN. BHD."
211,1,5.208998766,100.5137138,278.5546,"ECONSAVE CASH & CARRY (JW) SDN BHD"
212,1,2.035792878,103.3328342,471.5359,"ECONSAVE CASH & CARRY (KLU) SDN BHD"
213,1,1.567055869,103.6127313,60.6985,"ECONSAVE CASH & CARRY (KM) SDN BHD"
214,1,1.491899027,103.9123627,34.3381,"ECONSAVE CASH & CARRY (KM) SDN BHD"
215,1,2.230711643,102.2274848,204.4785,"ECONSAVE CASH & CARRY (ML) SDN BHD *"
216,1,2.070783787,102.642238,49.3979,"ECONSAVE CASH & CARRY (MU) SDN BHD"
217,1,5.385861072,100.2767723,452.4954,"ECONSAVE CASH & CARRY (NTH) SDN BHD"
218,1,1.512067726,103.8169076,582.9908,"ECONSAVE CASH & CARRY (PJ) SDN BHD"
219,1,5.831846474,102.4041291,505.2619,"ECONSAVE CASH & CARRY (PP) SDN BHD"
220,1,6.200808258,100.5470581,209.4171,"ECONSAVE CASH & CARRY (PS) SDN. BHD."
221,1,1.479623204,103.3980593,612.8514,"ECONSAVE CASH & CARRY (PT) SDN BHD"
222,1,5.401283529,100.3800901,549.8380,"ECONSAVE CASH & CARRY (RU) SDN BHD"
223,1,2.503588395,102.8259477,421.2093,"ECONSAVE CASH & CARRY (SG) SDN BHD"
224,1,1.542263614,103.6552624,141.1359,"ECONSAVE CASH & CARRY (SK) SDN BHD"
225,1,1.612141141,103.6572144,7.7731,"ECONSAVE CASH & CARRY (SN) SDN BHD"
226,1,1.837135997,103.3071026,46.2616,"ECONSAVE CASH & CARRY (SR) SDN BHD"
227,1,2.294969385,102.1420199,139.1163,"ECONSAVE CASH & CARRY (SU) SDN BHD *"
228,1,1.545156597,103.7615954,198.3595,"ECONSAVE CASH & CARRY (TD) SDN BHD"
229,1,5.632452908,100.4904468,581.6238,"Econsave Cash & Carry (TPJ) Sdn Bhd"
230,1,1.658222842,103.5784323,559.1651,"ECONSAVE CASH & CARRY (TPK) SDN BHD *"
231,1,3.260630649,102.4383112,218.6079,"ECONSAVE CASH & CARRY (TRI) SDN BHD"
232,1,2.010622232,103.0671934,155.5601,"ECONSAVE CASH & CARRY (YP) SDN BHD"
233,1,1.498719877,103.7109216,91.4262,"EDARAN S.A. AL HABSHEE SDN BHD - WARDA MART"
234,1,1.488490842,103.8648747,17.1507,"EDARAN S.A.AL-HABSHEE S/B-MYDIN TAMAN RINTING HYPERMARKET-MON-SAT 9AM-5.30PM"
235,1,3.04684,101.62288,303.4381,"EIGHT ROAD RESTAURANT-deliver sebelum 12pm (angkat cheque)"
236,1,3.847332857,103.3314838,209.4929,"EJH FOOD INDUSTRIES SDN BHD"
237,1,2.6640302,101.9877915,198.9061,"ELEN FRESH MART"
238,1,3.305566,101.591379,83.8238,"ELIXIR IMPEX SDN. BHD. (Mon-Sat: 9am-6pm|Fri: 12pm-3pm)"
239,1,5.331701441,103.1398684,283.2568,"EMPORIUM HOCK KEE SENG SDN BHD"
240,1,1.681777662,103.52479,408.0945,"ENG HAN ENTERPRISE"
241,1,2.786565,102.299326,183.3870,"ENG HING LEONG MINI MARKET"
242,1,4.237819171,103.4124729,203.2319,"ENG HOE MINI MARKET - Friday close"
243,1,3.769790035,103.2473429,55.1717,"ENG HONG (JLN. GAMBANG) SDN BHD (Sunday delivery need to inform Mr Goh)"
244,1,3.936692891,103.3762835,23.4321,"ENG HONG MART (SG. KARANG) SDN BHD"
245,1,3.188169,101.572788,216.7668,"ENG HUP SENG SESAME OIL & SAUCE FACTORY SDN BHD-DELIVER BY FORKLIFT"
246,1,3.1968201,101.5667535,1.1723,"ENG SIANG GROCER (Mon: Close|Loading at 9.30am-7.30pm)"
246,2,3.128942,101.465071,14.7523,"ENG TA TRADING (MON-FRI 8.30AM-6PM)(SAT 8.30AM-4PM)"
247,1,2.7902305,102.2932903,99.3838,"ETA MM ENTERPRISE"
248,1,2.647971,101.751191,62.2541,"EUHUP ENTERPRISE"
249,1,2.662316,102.007342,28.4968,"FADILA UNGGUL ENTERPRISE"
250,1,2.9473873,102.4926511,62.5293,"FADZILLAH BINTI A AZIZ"
251,1,3.1673444,101.5674932,105.5979,"FALAM ENTERPRISE (PASAR MINI SIRAJANE)"
252,1,2.6994621,101.8586484,61.2544,"FAMA CORPORATION SDN. BHD. - AGROBAZAAR SENDAYAN (Mon-Fri|Sat: Half day|Sun close)"
253,1,3.392907,101.552295,84.2775,"FANAAS BISTRO (Restoran Alinas-Prima Beruntung)"
254,1,2.6866853,101.846048,85.0329,"FATIMAH HASSAN ULLAH ENTERPRISE"
255,1,2.18642736,102.2504714,71.5044,"FIRST ORCHID SDN BHD (MAHKOTA HOTEL MELAKA)"
256,1,3.1905493,101.565561,135.1061,"FK SALMA ENTERPRISE"
257,1,2.654825,101.751895,63.0614,"FLT TRADING"
258,1,2.853037,101.812113,23.0326,"FM COLLECTION SDN BHD"
259,1,2.849691,101.813525,0.4038,"FOOD FARM SDN. BHD."
260,1,4.2170092,100.6970882,196.1321,"FOOK LYE SON TRADING"
261,1,3.212526,101.615695,151.2112,"FOOK XIN TANG HERBS SDN. BHD."
262,1,3.212246,101.615597,0.0330,"FOOK XIN TANG MINI MARKET SDN. BHD. (After 5pm: NO DELIVERY)"
262,2,3.210003,101.6172518,0.3428,"FOONG YUEN DIM SUM SDN BHD"
263,1,3.058429,101.749406,22.3464,"FORTRESS AVENUE SDN BHD(88 Sp mart)"
264,1,2.991688,101.818101,10.6424,"FROZEN KEN SDN. BHD."
265,1,3.035008,101.593601,25.3899,"FS NUSANTARA MART (Friday: 12pm-3pm close)"
266,1,3.077938,101.611086,5.1533,"FU MI TRADING (Mon-Sat: 8.30am-6pm)"
267,1,2.256400051,102.2505753,115.7164,"G PLUS CONVENIENCE STORE (Open everyday 7:30AM-2.00AM) (Tuesday 4pm onward)"
268,1,2.6406676,101.7141079,73.3324,"G.U.S. (SUNGAI PELEK) SDN BHD"
269,1,2.995582,101.621139,40.7930,"GAJA STORE PLT (Mon-Sat: 9am-7pm)"
270,1,2.6960601,101.9285684,47.6964,"GAN HOCK HIN TRADING SDN BHD-SAT & SUN CLOSE"
271,1,2.695362,101.929559,0.1347,"GAN HOCK LAM"
272,1,2.198778,102.255933,66.0577,"GAN HUP HUAT SDN BHD"
273,1,2.191554055,102.2605726,0.9545,"GARDENS FRESH MARKET (SMALL LORRY)"
274,1,2.6801935,101.9479377,64.4865,"GAURANGA PURE VEGE HOUSE"
275,1,3.129132,101.465112,73.2594,"GAYA BUMI ENTERPRISE (Mon-Sat: 9am-6pm)"
276,1,5.734949771,102.4976912,311.5434,"GCH RETAIL (MALAYSIA) SDN BHD - GIANT SUPERSTORE JERTEH *FRIDAY HOLIDAY"
277,1,6.075036828,102.2342009,47.7428,"GCH RETAIL (MALAYSIA) SDN BHD - GIANT SUPERSTORE TUNJUNG"
278,1,3.791768451,103.3107151,280.4994,"GCH RETAIL (MALAYSIA) SDN BHD- (KUANTAN) SUPERSTORE FRIDAY HOLIDAY"
279,1,1.528217974,103.8151091,257.8546,"GCH RETAIL (MALAYSIA) SDN BHD- GIANT HYPERMARKET ( PLENTONG JB )"
280,1,5.351013783,103.1017863,432.3835,"GCH RETAIL (MALAYSIA) SDN BHD- GONG BADAK SUPERSTORE FRIDAY HOLIDAY"
281,1,4.336747889,103.4558434,119.4088,"GCH RETAIL (MALAYSIA) SDN BHD- KIJAL SUPERSTORE FRIDAY HOLIDAY"
282,1,5.311063385,103.1284257,114.2515,"GCH RETAIL (MALAYSIA) SDN BHD- KUALA TERENGGANU HYPERMARKET FRIDAY HOLIDAY"
283,1,3.816303343,103.3321029,167.7359,"GCH RETAIL (MALAYSIA) SDN BHD- KUANTAN MEGAMALL SUPERMARKET FRIDAY HOLIDAY"
284,1,4.440724838,103.4484423,70.6212,"GCH RETAIL (MALAYSIA) SDN BHD-(MESRA MALL) *FRIDAY HOLIDAY"
285,1,1.507547642,103.7706903,328.1111,"GCH RETAIL (MALAYSIA) SDN BHD-SOUTHERN CITY"
286,1,1.499626726,103.7009418,7.8029,"GCH RETAIL (MALAYSIA) SDN BHD-TAMPOI"
287,1,3.541521817,103.3942997,229.5892,"GEDUNG ENG HONG (PEKAN) SDN BHD"
288,1,3.396671266,101.7801231,179.8818,"GENTING GOLF COURSE BHD"
289,1,3.396671266,101.7801231,0.0000,"GENTING MALAYSIA BERHAD"
290,1,1.487946606,103.7831238,307.5014,"GIANT HYPERMARKET (L/MALL JB)"
291,1,6.143247504,100.3634506,641.7373,"GIANT HYPERMARKET ALOR SETAR"
292,1,5.321337847,100.2849107,91.8043,"GIANT HYPERMARKET BAYAN BARU"
293,1,1.483600972,103.6655674,568.2103,"GIANT HYPERMARKET NUSA BESTARI"
294,1,1.54642842,103.6226836,8.4574,"GIANT HYPERMARKET PULAI UTAMA"
295,1,5.616529778,100.4730315,571.7961,"GIANT HYPERMARKET SUNGAI PETANI"
296,1,2.018523739,103.302359,508.4976,"GIANT SUPERMARKET KLUANG"
297,1,1.647451113,103.6280451,54.8877,"GIANT SUPERMARKET KULAI IOI"
298,1,1.496728022,103.6816063,17.7857,"GIANT SUPERMARKET PERLING MALL"
299,1,1.469431938,103.3924413,32.2859,"GIANT SUPERMARKET PONTIAN COMM"
300,1,2.028017108,103.2998541,62.9585,"GIANT SUPERMARKET SRI KLUANG"
301,1,1.608761718,103.821449,74.3894,"GIANT SUPERMARKET ULU TIRAM"
302,1,5.42168565,100.3259629,574.6349,"GIANT SUPERSTORE (PENANG PLZ)"
303,1,6.419633925,100.1965996,111.8854,"GIANT SUPERSTORE KANGAR"
304,1,6.130463012,102.242775,228.4351,"GIANT SUPERSTORE KOTA BHARU TC"
305,1,5.385368961,100.5470494,205.0835,"GIANT SUPERSTORE KULIM"
306,1,2.7177819,102.242897,351.2253,"GKS MINI MART"
307,1,2.269922417,102.2501243,49.8062,"GOH TIAM CHUAN TRADING"
308,1,2.2385664,102.2569486,3.5681,"GOLD COIN MINIMARKET"
309,1,3.129032,101.465039,132.4416,"GOLDEN GROCERY MART (Mon-Sat: 9am-7pm)"
310,1,2.1976457,102.2316617,134.0768,"GOLDEN SOUTH CULINARY SDN BHD (11am - 11pm)"
311,1,2.536896,102.404814,42.3449,"GREEN APPLE STORE (GEMENCHEH) SDN. BHD. (no receiving on saturday)"
312,1,2.08462672,102.5891308,54.2997,"GREEN APPLE STORE (MUAR) SDN BHD (10am-5.30pm Mon-Fri)"
313,1,2.725993,101.911114,103.7302,"GREEN APPLE STORE (PAGOH) SDN. BHD."
314,1,2.170657,102.595328,97.9329,"GREEN APPLE STORE (SG. MATI) SDN. BHD."
315,1,2.821538,102.410069,75.2438,"GREEN APPLE STORE SDN. BHD."
316,1,4.2197533,100.5409691,259.2342,"GUAN SENG"
317,1,4.0262088,101.018853,57.2035,"GUAN WENG HUAT ENTERPRISE SDN BHD - PERAK"
318,1,2.808211,102.405889,205.0478,"GUANG HENG MARKETING SDN BHD (Received goods: 11am-4pm)"
319,1,6.129278957,100.3592224,433.3995,"GULA PADANG TERAP SDN BHD"
320,1,3.128959,101.465107,355.4179,"GUNA CASH & CARRY (Mon-Sat: 9.30am-6pm)"
321,1,2.7050538,102.4983261,124.0443,"GUNA MINI MARKET"
322,1,3.023968,101.741204,91.2549,"GURUNG MARKETING"
323,1,3.183922,101.613608,22.7388,"H AND C FRESH SDN. BHD. (SAT-Closed, 1pm-3pm lunch)"
324,1,2.729443333,102.2515317,87.0176,"H&M SENALING ENTERPRISE"
325,1,3.763513501,103.1993558,155.8620,"H&Y WHOLESALE TRADING"
326,1,3.21061,101.566028,191.4224,"HAI SOON HENG TRADING (Delivery after 12pm)"
327,1,3.183945,101.61364,6.0608,"HAJI SHARIFF CENDOL"
328,1,2.590784,101.82438,69.9855,"HALLMARK BEVERAGE INDUSTRY SDN BHD"
329,1,2.5840205,101.9612125,15.2182,"HANAMAN MAJU ENTERPRISE"
330,1,2.6379591,101.7130079,28.2153,"HANESH ENTERPRISE"
331,1,3.1885897,101.6387798,61.7797,"HAPPY SAM VEGE GARDEN"
332,1,2.2466351,102.232629,123.7782,"HARJUT ALI ENTERPRISE (8AM-9PM EVERYDAY)"
333,1,4.6951252,101.0988369,299.9313,"HAROLDS BREAD (FACTORY) SDN BHD - CHEMOR"
334,1,5.45158034,103.3553971,263.7076,"HAROLDS BREAD (FACTORY) SDN BHD - K.TERENGGANU (Mon-Sun: 9am-3:30pm|Fri: Close)"
335,1,3.128957,101.465118,332.6056,"HARUNA CASH & CARRY (Mon-Sat: 10am-6pm)"
336,1,2.995897,101.756235,35.5497,"HASIL LAUT SEONG KEE SDN BHD - BALAKONG JAYA"
337,1,2.990831,101.54759,23.1755,"HASIL LAUT SEONG KEE SDN BHD - KOTA KEMUNING"
338,1,3.017334,101.712136,18.5077,"HASIL LAUT SEONG KEE SDN BHD - SERI KEMBANGAN"
339,1,2.817414,101.814662,24.9762,"HASIL LAUT SEONG KEE SDN. BHD. - NILAI"
340,1,2.198427,102.233106,83.0547,"HASIL LAUTAN HONG KEE SDN BHD"
341,1,2.2415936,102.2151965,5.1961,"HELLO MINI MARKET"
342,1,3.8713071,100.9256573,230.9547,"HENG GIAP FISHERY"
343,1,1.957631717,102.6450248,285.8912,"HENG HENG (M) SDN BHD (DEL : 8.30am - 5.30pm)"
344,1,1.957535214,102.6445849,0.0500,"HENG HENG HONG KEE SDN BHD (DELIVERY 8.30AM-5.30PM)"
345,1,2.727651,101.93993,116.0259,"HIAP SENG TRADING"
346,1,3.800547817,103.3141946,193.6686,"HIN HIN MINI MARKET"
347,1,6.097617561,100.3753991,413.7823,"HL UTARA ENTERPRISE SDN BHD"
348,1,3.129043,101.46515,351.4893,"HO HO TRADING COMPANY"
349,1,3.188286,101.573236,13.6896,"HO KIM WEI (1pm - 3pm : no delivery)"
350,1,4.717982,101.1209591,177.3390,"HOCK HUAT"
351,1,4.321857,101.136288,44.0799,"HOCK KIM BEE SDN. BHD."
352,1,2.955156,101.768711,167.3918,"HOCK MEI TRADING (SG. CHUA) SDN BHD"
353,1,2.953699,101.753766,1.6675,"HOCK MEI TRADING SDN BHD"
354,1,3.074734,101.632945,19.0032,"HOCK MEI TRADING SDN. BHD. - PASARAYA HM (TAMAN MEDAN BRANCH)"
355,1,2.196983,102.249403,119.2254,"HOCK SENG (MALACCA) TRADING SDN BHD"
356,1,3.1927097,101.5748633,133.6866,"HOCK SOON BAK KUT TEH (MONDAY OFF)"
357,1,2.7239505,101.9558156,67.1301,"HOE HIN CONFECTIONARY SDN BHD"
358,1,2.73166,101.936167,2.3447,"HOE HIN ENTERPRISE S/B-SMALL LORI-DELIVER TUE-THUR 8.30-12PM, TUE-FRI-2-4pm"
358,2,2.727606,101.95076,4.0270,"HOE HING CHAN SDN BHD (MON-SAT : 8AM-1PM)"
359,1,2.2498111,102.155748,57.8030,"HONG MOH CASH & CARRY"
360,1,2.2448935,102.2742263,13.1754,"HONG TECK KEE"
361,1,3.0512,101.4456,128.4903,"HONG WAH RESTAURANT (Delivery time: 7am-11.30am & 3pm-5pm)"
362,1,3.869020106,103.3672746,231.8660,"HOTEL MANDURAH SDN BHD"
363,1,3.479771578,102.3308234,122.8857,"HUP CHON CHAN (Monday to Friday - 9am to 5pm)"
364,1,3.055871,101.637959,90.2113,"I AND D ENTERPRISE (Mon-Sat: 9am-6pm| Fri: NO DELIVERY)"
365,1,3.129023,101.465034,20.8523,"IDA & JOYNAL ENTERPRISE (Mon-Sat: 9am-6pm|Fri: 12pm-3pm rest)"
366,1,2.7476167,101.9665717,70.0042,"IMAH RIN ENTERPRISE"
367,1,5.335022935,100.3000317,341.9629,"IMAN IKHLAS (M) SDN BHD - BJH"
368,1,5.335630403,100.294844,0.5783,"IMAN IKHLAS (M) SDN BHD - BTH"
368,2,5.421559232,100.341078,11.4177,"IMAN IKHLAS (M) SDN BHD - MEP"
368,3,5.450526057,100.3077216,16.3175,"IMAN IKHLAS (M) SDN BHD - SQY"
369,1,5.632823081,100.5385757,32.6142,"IMAN IKHLAS (M) SDN BHD - TBH"
370,1,6.096478397,100.3944231,53.9655,"IMAN IKHLAS (M) SDN BHD - TSB"
371,1,5.852035255,102.3726214,220.4527,"INAI REKA SDN BHD"
372,1,3.434466307,101.7877331,276.5255,"ION DELEMEN HOSPITALITY SDN BHD"
373,1,3.207375,101.615795,31.6533,"IPOH ROAD HAKKA YONG TAU FU"
374,1,3.3161076,101.5338966,15.1276,"IPOH ROAD HAKKA YONG TAU FU RESTAURANT"
375,1,2.8095216,102.4125039,112.6516,"ISHAK BIN BUSAH (Open 8am-8pm)"
376,1,3.2018728,101.5349002,106.7707,"ISKANDAR BIN HUSAINI (Open 9am-6pm|Fri: 12pm-3pm rest)"
377,1,3.840439572,103.3494393,213.5367,"ISLAND FRIENDS CAFE (ISLAND TWO CAFE)"
378,1,2.589372,102.093896,196.9293,"JALIL MINI MART ( FRIDAY 12.30PM-3PM OFF )"
379,1,2.591818,102.100117,0.7426,"JALIL MINI MART (FRIDAY 2PM-3.30PM OFF)"
380,1,3.129043,101.465079,92.4241,"JANNAH MAMA ENTERPRISE (Mon-Fri: 8am-6pm| Fri: 12pm-3pm rest| Sat: 5pm close)"
381,1,2.287328,102.405298,140.2338,"JASIN POINT"
382,1,2.253597,102.240167,18.7268,"JATI FROZEN SDN BHD ( BATU BERENDAM BRANCH) (OPEN 6 AM - 4 PM)"
383,1,2.585941,102.573108,52.2858,"JATI FROZEN SDN BHD (GEMAS BRANCH) (OPEN 9 AM - 8:30 PM)"
384,1,2.536812,102.404748,19.4836,"JATI FROZEN SDN BHD (GEMENCHEH BRANCH) (OPEN 9 AM - 8:30 PM)"
385,1,2.735137,102.234947,29.0183,"JATI FROZEN SDN BHD (KUALA PILAH BRANCH)"
386,1,2.70658,101.925851,34.4777,"JATI FROZEN SDN BHD (MASJID TANAH BRANCH)"
387,1,2.582941,102.602409,76.3969,"JATI FROZEN SDN BHD (PD - JLN RAJA AMAN SHAH BRANCH) Open 6am - 2pm"
388,1,2.589475,102.099087,55.9146,"JATI FROZEN SDN BHD (REMBAU BRANCH) - Open 9am-9pm"
389,1,2.714067,102.002188,17.5436,"JATI FROZEN SDN BHD (SENAWANG BRANCH)"
390,1,2.881556,102.409311,48.9013,"JATI FROZEN SDN BHD (SERTING BRANCH)"
391,1,2.469735,102.231805,49.8565,"JATI FROZEN SDN BHD (TAMPIN BRANCH) - OPEN 7AM - 9PM"
392,1,3.316964,101.571058,119.4123,"JAYA CASH & CARRY SDN BHD"
393,1,3.128957,101.465118,23.9868,"JAZAM SEPAKAT SDN BHD (DELIVERY MON-THU : 9AM - 12.30PM/2PM - 5PM)"
394,1,2.805268,102.3857979,108.3881,"JEMPOL BAKERY (Open: 6am-4pm)"
395,1,2.259639,102.2405041,62.7813,"JIA XIN CASH & CARRY"
396,1,2.9057,101.86448,83.0992,"JIMAT BERANANG ENTERPRISE - BERANANG"
397,1,3.183931,101.613617,41.6301,"JIN HUANG"
398,1,2.817905,101.814686,46.4221,"JINJANG LEE FROZEN SDN BHD"
399,1,2.730515,101.937536,16.7509,"JINJANG LEE FROZEN SDN. BHD. (SEREMBAN)"
400,1,2.714624,102.002474,7.4259,"JIT HENG CASH & CARRY"
401,1,3.237704,101.650428,70.0805,"JIT XING TRADING (DELIVERY MON-FRI : 10AM-5.30PM)"
402,1,3.128957,101.465118,23.8642,"JKS HARMONI ENTERPERISE (Mon-Sat: 9am-6pm|Fri: No delivery)"
403,1,3.215355,101.639214,21.5848,"JODAN WORLD SDN BHD"
404,1,4.26043508,117.8956429,1807.4753,"JOO LOONG TRADING COMPANY SDN BHD"
405,1,2.7904052,102.2929553,1739.2861,"JR RIJK RESOURCES"
406,1,3.183989,101.613656,87.2084,"JT FOOD MART"
407,1,2.7316173,101.9371433,61.8113,"JT TRADING SDN BHD (855251-H)"
408,1,2.049499774,102.5731223,103.6588,"JT TRADING SDN BHD (855251-H)  (MUAR)"
409,1,2.999403,101.785137,137.1813,"JT TRADING SDN BHD (855251-H) (KAJANG)"
410,1,2.706592,101.956995,37.7408,"JTM HOE HIN ENTERPRISE SDN BHD-(MON-SAT 9AM-3PM)"
411,1,2.974097,101.6074419,48.9063,"JW GLOBAL JAYA TRADING"
412,1,3.153636,101.603084,19.9697,"JW GROCERY STORE (Mon-Sat: 9.30am-6pm|Fri: 12pm-3pm rest)"
413,1,3.024029,101.749812,21.7512,"K 1 TOP ENTERPRISE (Fri: 12.30pm-2.30pm close)"
414,1,2.483857,102.011914,66.7470,"K INDERA CASH & CARRY"
415,1,2.574131,101.827276,22.8354,"K JAYAKUMAR ENTERPRISE (open 10am-6pm)"
416,1,2.8058359,102.3858948,67.1837,"K SANGAM STORE"
417,1,3.2169131,101.6188698,96.6619,"K.H.H. DOUBLE LION FRUIT JUICE MANUFACTURING SDN BHD"
418,1,3.206097,101.607407,1.7510,"K.I.P FRESH MART ( ALL DAY OPEN )"
419,1,3.044568,101.526693,20.0728,"KA FRESH FARM SDN BHD (Fri: 12pm-3pm rest)"
420,1,3.863809081,103.2504871,211.9068,"KA LONG MINI MARKET"
421,1,3.808226868,103.3187438,9.7747,"KAFE KAMPUNG TENGAH"
421,2,3.838983377,103.3369802,13.7484,"KAKAK KEMAMAN KOPITIAN (KEMAMAN KOPITIAM)"
422,1,2.811937,102.40148,154.3575,"KAMISAH BINTI MD ISA (KEDAI RUNCIT KAMISAH)"
423,1,3.083086,101.630118,90.8093,"KAMPONG FRESH MART SDN BHD (Mon-Sat: 10am-6pm)"
424,1,3.20282,101.604827,13.6067,"KAMPONG KOH SAUCE (M) SDN BHD - (DELIVERY BEFORE 12PM)"
425,1,2.996747,101.75427,28.2912,"KAY 9 ENTERPRISE"
426,1,3.849593284,103.3317922,199.1291,"KAZIMI FOOD INDUSTRIES SDN BHD (MON TO SAT) (12PM-2PM CLOSE FOR LUNCH)"
427,1,4.2118217,100.5629408,309.7499,"KEDAI BARANG2 RUNCIT GUAN SANG"
428,1,3.1972137,101.5324219,155.8862,"KEDAI BORONG DAN RUNCIT YUSOF MAJU (OPEN 9AM-5PM) (FRIDAY CLOSE) (12PM-2PM REHAT)"
429,1,2.675365,101.977882,76.2508,"KEDAI BORONG WAJA SDN BHD *MESTI NAK HANTAR 1ST KEDAI-PAGI (JUMAAT TUTUP)"
430,1,4.1936839,100.6997864,220.5156,"KEDAI ING ANG TONG"
431,1,3.051185,101.445569,151.6194,"KEDAI KOPI & MAKANAN NAM SIANG (12PM-2PM: NO DELIVERY)"
432,1,2.6810546,101.8651364,62.1691,"KEDAI RUNCIT AA MART SDN. BHD."
433,1,2.708186,101.887739,3.9248,"KEDAI RUNCIT AA SMART (FRIDAY CLOSED)"
433,2,2.705956,101.988207,15.0866,"KEDAI RUNCIT AL SHAFI"
434,1,3.129018,101.465089,74.7511,"KEDAI RUNCIT AMIRUDDIN (Fri: 12pm-3pm rest)"
435,1,3.128811,101.465098,0.0230,"KEDAI RUNCIT ANDA (MON-FRI : 10AM-6PM | SATURDAY CLOSED AT 3PM)"
436,1,2.7976227,102.420711,112.3255,"KEDAI RUNCIT BAHAU (Fri close)"
437,1,2.2397331,102.2585394,64.5974,"KEDAI RUNCIT CHUAN LEE LAI"
438,1,3.811219109,103.3225185,210.9305,"KEDAI RUNCIT HOCK JOO"
439,1,3.077938,101.611086,206.7176,"KEDAI RUNCIT JAYAS - DELIVERY 11:45AM"
440,1,2.812952,101.486907,32.5323,"KEDAI RUNCIT JHARSWIN  (Mon-Sat: 9am-6pm)"
441,1,2.721444,101.964257,53.9846,"KEDAI RUNCIT JMI"
442,1,4.0534234,100.6304048,209.4199,"KEDAI RUNCIT LOGASWARY"
443,1,3.128957,101.465118,138.3756,"KEDAI RUNCIT MADIYO (Mon-Sat: 9am-6pm|Fri: 12pm-3pm rest)"
444,1,2.7412015,102.1842105,90.7510,"KEDAI RUNCIT MESTINA JAYA"
445,1,3.1993666,101.5352935,88.2495,"KEDAI RUNCIT MOHD FADZIL HAIRI"
446,1,3.1993666,101.5352935,0.0000,"KEDAI RUNCIT MOHD FADZIL HAIRI (12pm-3pm close)"
447,1,3.007,101.597852,22.4897,"KEDAI RUNCIT MULIA SEJATI"
448,1,3.129166,101.776144,24.0092,"KEDAI RUNCIT MURAH JAYA (Fri: 1pm-5pm close)"
449,1,3.128985,101.465202,34.5236,"KEDAI RUNCIT MUTIARA BARU (Mon-Sat: 8am-6pm| Fri: 12pm-3pm rest| Sat: 4pm close)"
450,1,3.128957,101.465118,0.0098,"KEDAI RUNCIT MUTIARA BARU (Mon-Sat: 9.30am-6pm|Fri: 12pm-3pm rest)"
451,1,2.7010358,101.8314265,62.6009,"KEDAI RUNCIT NASHIRA - GADONG JAYA"
452,1,2.7016046,101.8206197,1.2020,"KEDAI RUNCIT NASHIRA - TIARA SENDAYAN"
453,1,3.128946,101.465166,61.7748,"KEDAI RUNCIT RAMLI MUHAMMAD MAJU (Mon-Sat: 9.30am-6pm|Fri:12pm-3pm rest)"
454,1,2.7416036,102.2461086,96.8293,"KEDAI RUNCIT ROBI"
455,1,2.589137,102.093841,23.9473,"KEDAI RUNCIT SAFIUDEEN (FRIDAY 12PM-2PM OFF)"
456,1,2.5894446,101.964009,14.4220,"KEDAI RUNCIT SHARI (Delivery: 8am-11.30am)"
457,1,2.879303,102.6190336,79.5722,"KEDAI RUNCIT SITI HALINA MAJU (Open 7am-8.30pm)"
458,1,3.99128,100.7803244,238.6186,"KEDAI RUNCIT SONG LIM"
459,1,3.11127,101.764819,146.6724,"KEDAI RUNCIT THAHIR ( FRIDAY CLOSE)"
460,1,2.949202,102.058724,37.2801,"KEDAI RUNCIT YUNG SHIM"
461,1,3.0345,101.432688,70.1612,"KEDAI RUNCIT YUSUF ALI ENTERPRISE (Mon-Sat: 9am-6pm|Fri: No delivery)"
462,1,3.1993933,101.5275686,21.1462,"KEDAI RUNCIT ZULKIFLY (OPEN 7AM-6 PM) (CLOSE ON FRIDAY 12PM-3PM)"
463,1,3.9910179,101.0206166,104.4673,"KEDAI SERBANEKA PERKASA"
464,1,2.659987,101.561115,159.7026,"KEDAI TONG HUAT"
465,1,3.12897,101.465122,53.2270,"KEDAI UBAT & PASAR MINI WENG HONG ONN SDN. BHD"
466,1,3.212419,101.615643,19.1149,"KEDAI UBAT & RUNCIT HONG NING DESA AMAN PURI SDN BHD"
467,1,3.12503,101.754355,18.2099,"KEDAI UBAT DAN RUNCIT GUEY HONG -OPEN 9.30AM"
468,1,3.188843,101.691243,9.9724,"KEDAI UBAT DAN RUNCIT HUAKSON"
469,1,3.128973,101.465176,25.9672,"KEDAI UBAT TONG SENG"
470,1,2.727921,101.93914,68.9854,"KEDAI VOON FAH (10 TON LORI BOLEH MASUK SAJA)"
471,1,2.8965716,102.3183315,46.1001,"KELUARGA IMAM ENTERPRISE (7am-6pm|Fri close)"
472,1,2.2133371,102.2641562,76.2102,"KELUARGAKU (M) SDN BHD"
473,1,3.98938,99.6270963,353.1642,"KENG LEONG ENTERPRISE"
474,1,2.5444836,102.4149912,348.7060,"KEONG MAJU JELAI (Mon-Fri: 8am-8pm|Weekend close)"
475,1,5.53441438,100.4249269,399.0563,"KEPALA BATAS BIHUN SDN BHD"
476,1,2.319691,102.413697,420.0469,"KESAVAN A/L GUNASEKAREN (PASAR MINI KESAVAN)"
477,1,3.075769,101.610578,122.5778,"KIB MINI MART(Mon-Fri: 9am-6pm|Fri: 12pm-3pm rest|Sat: 4.30pm close)"
478,1,6.374759069,100.302686,394.4181,"KIHOLE RESOURCES (M) SDN BHD"
479,1,6.141626339,100.6204438,43.6532,"KILANG BERAS MIHODA SDN BHD"
480,1,3.846365747,103.3319114,394.1316,"KILANG MAKANAN MOI KEE SDN BHD"
481,1,2.529281,101.799888,224.4498,"KIM GUAN HUAT"
482,1,2.690545,101.751322,18.7256,"KIM HOK HIN SDN BHD"
483,1,2.3671058,102.0127436,46.2257,"KIM MART SDN BHD"
484,1,3.201396,101.631682,101.9666,"KINDNESS ENTERPRISE (CLOSED MONDAY)"
485,1,2.798922,101.791689,48.1510,"KINGSLEY FROZEN & GROCERIES (CALL BEFORE DELIVERY)"
486,1,2.812987,101.808284,2.4172,"KK EGGS TRADING SDN. BHD. - NILAI (Please call before delivery)"
487,1,2.684211,101.908922,18.1653,"KK EGGS TRADING SDN. BHD. - SEREMBAN (Please call before delivery)"
488,1,2.591196,101.822544,14.1078,"KKH FRESHMART (PD) SDN BHD"
489,1,2.68909,101.923662,15.6411,"KKH FRESHMART SDN BHD (Close - 3pm)"
490,1,2.654857,102.003952,9.6965,"KM BERSATU RESOURCES SDN. BHD. - PASAR SEGAR JIMAT PLUS"
491,1,3.055871,101.637959,60.3359,"KML MINI MARKET (Mon-Fri: 8.30am-6pm|Sat: 4pm close)"
492,1,3.021559,101.616834,4.4787,"KOFFEE & CO ENTERPRISE"
493,1,3.128957,101.465118,20.6493,"KONG FAAT TRADING PLT (Mon-Sat: 8.30am-3pm)"
494,1,2.8977939,102.6192924,130.7130,"KOPERASI PENEROKA FELDA PALONG SEMBILAN BERHAD (Mon-Sat: 7am-6pm|12pm-3pm rest)"
495,1,2.265187,102.306337,78.4640,"KOPERASI WAWASAN BUKIT MAS KELANTAN BERHAD"
496,1,3.192175,101.314981,150.8258,"KOPITIAM SIN LAI KEE (9am-4pm)"
497,1,3.197716,101.568073,28.1056,"KS MART SDN BHD"
498,1,3.1995828,101.4554655,12.5036,"KS SMART MART SDN. BHD. (Mon-Sat: 9am-7pm)"
499,1,3.129055,101.465173,7.9160,"KT MAHESWARI FRESH MARKET ENTERPRISE (Mon-Sat: 9am-5pm)"
500,1,2.8937286,102.4077194,107.8831,"KU ROSMA BINTI KU AHMAD"
501,1,2.198274,102.232944,79.7309,"KUIH CANTIK ENTERPRISE"
502,1,2.7381269,102.2495641,60.0573,"KURNIA AKRAB SDN. BHD."
503,1,2.295592477,102.4194626,52.7029,"KWANG CHEONG (M) SDN BHD (Monday to Friday - 9am-4pm)"
504,1,3.239434,101.447236,150.5793,"KZ KIOSK (Mon-Fri: 8am-6pm| Fri: 12pm-3pm rest| Sat: 3pm close)"
505,1,3.034461,101.432692,22.8491,"KZ KIOSK (Mon-Sat: 9am-6pm|Fri: 12pm-3pm)"
506,1,3.1987847,101.590422,25.3094,"L & P MINI MARKET (khamis tutup)"
507,1,2.248418112,102.2438813,128.1992,"LAI LAI BAK KUT TEH"
508,1,2.185887,102.630707,43.5396,"LAKBA ENTERPRISE *-FRIDAY CLOSE"
509,1,3.128957,101.465118,166.6080,"LAKSHMI MINI MARKET (Mon-Sat : 8am-8pm)"
510,1,2.4834773,102.0121924,94.0379,"LAM HING LOONG MART (Open everyday|Delivery behind shop)"
511,1,3.1957531,101.5645649,93.5104,"LASHIKA SPICES - OPEN 7AM-10PM & 2PM-4:30PM - (11AM-2PM TAK BOLEH DELIVERY)"
512,1,3.129195,101.465181,13.2863,"LAVANIZ FRESH MART"
513,1,2.707843,101.888171,66.3447,"LEAF VEGETARIAN"
514,1,1.999195299,102.5955496,111.2903,"LEANG SENG TRADING"
515,1,2.239889,102.2401,47.7109,"LEONG HUAT TIEN GUAN TRADING SDN BHD"
516,1,3.652004474,103.0839221,182.8536,"LEPAR HILIR TRADING ( FRIDAY HOLIDAY )"
517,1,2.460633101,102.1791085,166.2614,"LETCHUMEE MAJU ENTERPRISE"
518,1,2.2462188,102.2729204,26.0204,"LIAN HONG TRADING CO. (Delivery after 11am)"
519,1,2.678614,101.759916,74.5630,"LIM KEE MEI WEI TRADING"
520,1,2.5744354,101.8558772,15.7420,"LK MINI MART (Open everyday|Fri: 12.30pm-2.30pm close)"
521,1,3.867938,100.8748208,180.4149,"LK STORE"
522,1,2.2090979,102.2222802,237.5038,"LUCKY CITY MART"
523,1,2.697414,101.981562,60.5263,"LUCKY INN RESTAURANT (Receiving open at 3pm|Call before delivery)"
524,1,4.488021018,103.4412454,256.6751,"LUCKY MART KERTEH SDN BHD (CALL SALESMAN BEFORE SEND)"
525,1,2.5605253,101.8156879,280.1459,"M FAMILY MINI MARKET (DEL: 12pm to 6pm) Tuesday off"
526,1,2.5608411,101.8159328,0.0444,"M FAMILY MINI MART"
527,1,3.034471,101.432701,67.7141,"MAFANA RESOURCES SDN BHD (Fri: 1pm-2pm rest)"
528,1,3.854507697,103.3306926,229.5513,"MAH TONG HUAT FOOD INDUSTRIES SDN BHD"
529,1,6.372115002,100.3062693,436.5206,"MAHACERGAS SDN BHD"
530,1,3.046177,101.703246,400.9144,"MAKANAN LAUT YOKE HENG (Monday close|Delivery time: 8am-11.30am)"
531,1,3.197221,101.712079,16.8239,"MAKASSAR FRESH MARKET SDN BHD"
532,1,2.251105,102.288957,123.1789,"MALLA ROHANA ENTERPRISE"
533,1,3.045206,101.602822,116.6416,"MAMARAJ MINI MARKET (Mon-Sat: 9am-5.30pm|Fri: No delivery)"
534,1,3.027694,101.747156,16.1445,"MANJUMA TRADING (Fri: Close during prayer)"
535,1,2.7046733,101.8800297,38.8313,"MANTAU MINIMART (Fri: 12pm-3pm close)"
536,1,2.2909466,102.1318586,53.8426,"MART ON TWELFTH"
537,1,2.8094297,102.3935699,64.5679,"MARWA MANAGEMENT (M) SDN. BHD."
538,1,2.80255,101.80972,64.8478,"MARWA STORE"
539,1,2.671145,101.982496,24.1195,"MATHIALAGAN FAMILY STORE (10am-5pm) (Saturday & Lunch hour : no receiving)"
540,1,3.1773599,101.5776437,72.0395,"MB RETAIL ENTERPRISE (9AM - 5PM)"
541,1,2.056636615,102.5647206,165.9853,"MCD MARKETERS SDN BHD"
542,1,2.9475377,102.4945562,99.3698,"MD MARIHAN BORHAN TRADING (Open 7am-9pm|Rest 1pm-3.30pm)"
543,1,2.215923,102.254725,85.6029,"MD NUR CORNER *-deliver after 3pm"
544,1,3.074129,101.635719,117.6179,"MEDAN FROZEN FOOD"
545,1,3.12903,101.465047,19.9091,"MEGA INDAH MART (LORI KECIL)-DELIVER AFTER 12PM"
546,1,4.2156413,100.6848573,148.6400,"MEGA MUHIBBAH ENTERPRISE"
547,1,2.5272594,102.4014604,267.4915,"MEKAR FRESH & FROZENMART (GEMENCHEH)"
548,1,2.281623,102.294542,29.7846,"MELAKA WONDERLAND SDN BHD (Tue to Sun : 10am-1pm & 2pm-5pm)"
549,1,2.549331816,102.7914542,62.7193,"METRO EMPIRE SDN. BHD. - RESTORAN AL MASYUR"
550,1,3.051661,101.7753,125.9222,"MH WORLD SOLUTIONS SDN. BHD. (Fri: 1pm-3pm close)"
551,1,2.8793555,102.3230852,63.7754,"MHD YUNUS BIN A.MANAP (Fri: Close)"
552,1,3.096309,101.444524,100.4971,"MHZ NIAGA RESOURCES (Mon-Sat: 9.30am-6pm|Fri: 12pm-3pm rest)"
553,1,3.128957,101.465118,4.2904,"MILLIONSZ ENTERPRISE (Mon-Sat: 9.30am-6pm|Fri: 12pm-3pm rest)"
554,1,1.541305661,103.8023795,313.9954,"MING JII RESTAURANT SDN. BHD."
555,1,2.5696012,101.829262,247.2799,"MING TAI FOOD (M) SDN BHD"
556,1,2.731495,101.9371698,21.6270,"MING TAI FOOD (M) SDN BHD (MING TAI FOODMART)"
557,1,2.944318,101.843327,25.8581,"MING TAI FOOD (M) SDN BHD (SEMENYIH)"
558,1,2.704814,101.99057,31.2515,"MING TAI FOOD (M) SDN BHD (SENAWANG)"
559,1,2.9486899,102.5066804,63.4101,"MINI MARKET GATCO RC (Open: 7am-6pm)"
560,1,2.251848748,102.2889253,81.1728,"MINI MARKET MUZAR FASHAH"
561,1,3.129083,101.465105,133.7445,"MINI MARKET NIRMALA (Mon-Sat: 9.30am-6pm)"
562,1,3.1928766,101.5291471,10.0436,"MITAJAYA TRADING"
563,1,3.075875,101.61059,15.8438,"MIZA JAYA MARKETING (Mon-Sat: 9am-6pm| Fri: NO DELIVERY)"
564,1,3.323323,101.577413,27.7604,"MK GROCERY MART (Mon close)"
565,1,3.2160498,101.6258664,13.0850,"MKR STORE"
566,1,3.034387,101.432778,29.4559,"MM MULTIPURPORSE MARKET (Mon-Sat: 9.30am-6pm|Fri: 12pm-3pm rest)"
567,1,2.714351,102.002091,72.5520,"MOHD ATHAR BIN BACHOK"
568,1,2.8084484,102.3916763,44.5167,"MOHD ROSZI BIN AB.RASHID"
569,1,3.187388,101.5666542,100.8381,"MOITTRY INFINITY SDN BHD"
570,1,2.614247,101.804508,68.9874,"MOON SING HEONG TRADING"
571,1,2.5608222,101.8112615,5.9877,"MR MART TRADING (DELIVERY: 1pm-6pm)"
572,1,2.716927,101.984599,25.9232,"MR STORE ENTERPRISE"
573,1,2.6864949,101.9724358,3.6436,"MRANI ENTERPRISE (Delivery: 8.00am-11.00am)"
574,1,2.370658,102.1994272,43.2343,"MRZ SERUMPUN"
575,1,2.7246446,101.9390815,48.8439,"MS AYU KHAN ENTERPRISE"
576,1,3.027616,101.747958,39.8177,"MTK MART (Open 6am-3.30pm)"
577,1,2.996204,101.574596,19.5647,"MUAR STATION SDN. BHD."
578,1,2.8876407,102.5077558,104.3266,"MUHIBAH FROZEN FOOD SDN. BHD."
579,1,3.858686949,103.3654341,143.9525,"MUIP SUPERMARKET GROUP SDN BHD - PDM MART BESERAH"
580,1,3.594852572,102.829885,66.2715,"MUIP SUPERMARKET GROUP SDN BHD - PDM MART MARAN"
581,1,3.806020794,103.3034081,57.5515,"MUIP SUPERMARKET GROUP SDN BHD - PDM MART SETONGKOL"
582,1,3.782717222,102.5201301,86.9442,"MUIP SUPERMARKET TEMERLOH SDN BHD (BANDAR TUN RAZAK JENGKA)"
583,1,3.9911569,100.4979515,225.5327,"MURUGAN STORE"
584,1,2.2608017,102.2411053,272.9025,"MUSTAQIM MINI MARKET"
585,1,2.6887005,101.9422248,58.0199,"MY 77 KOPITIAM (Open everyday|Delivery: 9am-3pm)"
586,1,3.2021103,101.3406998,87.8696,"MY A1 SDN BHD"
587,1,3.2021103,101.3406998,0.0000,"MY A1 SDN BHD-DESA COALFIELDS"
587,2,3.128974,101.464952,16.0138,"MY AL MADEENA ENTERPRISE (Mon-Sat: 9.30am-6pm|Fri: 12pm-3pm rest)"
588,1,3.500195132,102.2918905,100.6510,"MY FRESH BOX SDN. BHD."
589,1,2.644342,101.712694,114.8587,"MY SUPER STORE SDN BHD"
590,1,6.125247213,100.3651919,414.8820,"MYDIN AMAN CENTRAL SUPERMARKET"
591,1,5.368378776,100.4145905,84.3372,"MYDIN BUKIT MERTAJAM HYPERMARKET"
592,1,5.355386053,103.09384,296.6186,"MYDIN GONG BADAK HYPERMARKET FRIDAY HOLIDAY"
593,1,6.098225693,102.2781889,122.3378,"MYDIN KUBANG KERIAN HYPERMARKET"
594,1,4.6236121,101.0666287,211.8392,"MYDIN MANJOI HYPERMARKET"
595,1,2.2197265,102.2514698,297.8967,"MYDIN MELAKA BAZAAR SDN BHD"
596,1,6.129625571,102.241885,434.7622,"MYDIN MOHAMED HOLDING BHD - KOTA BARU EMPORIUM"
597,1,6.13184362,102.2444599,0.3767,"MYDIN MOHAMED HOLDING BHD - KOTA BARU WAREHOUSE"
598,1,5.28483531,103.1665878,138.8519,"MYDIN MOHAMED HOLDING BHD - KUALA IBAI EMPORIUM-OPEN 10AM"
599,1,6.076619331,102.2584462,133.5982,"MYDIN MOHAMED HOLDING BHD - MYDIN TUNJONG HYPERMARKET"
600,1,1.576170631,103.8097343,529.1823,"MYDIN MOHAMED HOLDING BHD - PELANGI INDAH"
601,1,5.336548776,103.1420178,424.6497,"MYDIN MOHAMED HOLDING BHD - TERENGGANU EMPORIUM"
602,1,1.424274158,103.6181293,438.2223,"MYDIN MOHAMED HOLDINGS BERHAD - BAZAAR ANJUNG NUSAJAYA"
603,1,3.772896291,102.5437491,287.1281,"MYDIN MOHAMED HOLDINGS BERHAD - JENGKA HYPERMARKET ( FRIDAY HOLIDAY )"
604,1,2.280553,102.3918187,166.7963,"MYDIN MOHAMED HOLDINGS BERHAD - JSH"
605,1,6.099543156,102.282592,424.8250,"MYDIN MOHAMED HOLDINGS BERHAD - KKH"
606,1,5.335117336,103.1372327,127.1468,"MYDIN MOHAMED HOLDINGS BERHAD - KTH *   ( FRIDAY HOLIDAY )"
607,1,3.811229883,103.3256137,170.7301,"MYDIN MOHAMED HOLDINGS BERHAD - KUANTAN EMPORIUM"
608,1,1.663148434,103.5976183,240.7585,"MYDIN MOHAMED HOLDINGS BERHAD - KUH"
609,1,2.2708462,102.2936051,159.8938,"MYDIN MOHAMED HOLDINGS BERHAD - MLH **"
610,1,2.2230731,102.2498471,7.2012,"MYDIN MOHAMED HOLDINGS BERHAD - MMM"
611,1,4.6714118,101.0729717,301.9547,"MYDIN MOHAMED HOLDINGS BERHAD - -MRH"
612,1,3.489678649,103.3954852,289.1721,"MYDIN MOHAMED HOLDINGS BERHAD - PEKAN EMPORIUM"
613,1,2.462522738,102.2317066,172.4684,"MYDIN MOHAMED HOLDINGS BERHAD - PSH"
614,1,6.01818577,101.9760834,396.3862,"MYDIN MOHAMED HOLDINGS BHD - MYDIN RANTAU PANJANG EMPORIUM"
615,1,4.5588398,101.0287957,193.2161,"MYDIN MOHAMED HOLDINGS BHD - TAMAN GOPENG"
616,1,1.515220223,103.6359001,445.3343,"MYDIN MUTIARA RINI HYPERMARKET"
617,1,3.04488,101.773084,267.8908,"MYS BORONG MART"
618,1,2.812944,101.762688,25.8159,"N NINE MINI MARKET"
619,1,3.1932652,101.5458882,48.6619,"NAD SAMUDERA ENTERPRISE (Fri: Close 12pm-3pm)"
620,1,3.190733,101.5889367,4.7876,"NASABE ENTERPRISE (12pm-3pm close)"
620,2,3.2250317,101.4981694,15.5622,"NASABE ENTERPRISE (12pm-3pm close)"
620,3,3.2174739,101.520213,18.1498,"NASI KANDAR ALI NAS MAJU (Restoran Alinas Aman Putri)"
621,1,3.034433,101.432673,22.5549,"NAZURAH RESOURCES (MON-SAT : 8AM-6PM | FRI CLOSED AT 12PM-3PM)"
622,1,2.8147332,101.7347885,41.5018,"NBK MAJU ENTERPRISE (M) SDN. BHD."
623,1,3.004944,101.737784,21.1531,"NEH LAH FRESH MARKET"
624,1,2.8610535,102.2713192,61.3710,"NEPHRO MESRA SDN. BHD. - PASAR MINI JUASSEH SENTOSA"
625,1,2.196966,102.2369484,73.9418,"NETS CONVENIENT SHOP  (khamis tutup)"
626,1,2.187853,102.26679,3.4672,"NEW DIAN HUAT ENTERPRISE (Tue close)"
627,1,3.487490745,102.3288132,144.6772,"NEW HUP CHONG ( MON-SAT 9AM-6PM)"
628,1,3.156144,101.745755,74.4761,"NEW XUN FATT ENTERPRISE (Morning - Lori besar tak boleh masuk)"
629,1,2.8973985,102.4052943,78.6839,"NG WOON ENTERPRISE (Open 7am-6pm|Tue close)"
630,1,6.318787394,100.4131889,439.8539,"NINAMAJU SDN BHD"
631,1,2.9451631,102.3848559,434.1207,"NIVASH ENTERPRISE (Tue close)"
632,1,3.128957,101.465118,104.1513,"NK JAYA PLT (Everyday 1pm-3pm close)"
633,1,2.3285346,102.2084634,121.4001,"NKR CONVENIENT MART"
634,1,2.756782,101.981908,53.8604,"NOORULLAH CONVENIENCE STORE - MY GROCER"
635,1,2.8915522,102.4077432,49.6107,"NORHAYU BINTI MOHD SHAH - DAPO KUEH (Wed close)"
636,1,3.2134363,101.5321978,103.5972,"NORLYS KITCHEN & CATERING"
637,1,3.03432,101.432747,22.7729,"NOVI FROZEN FOODS (Mon-Sat: 10am-6pm|Fri: No delivery)"
638,1,2.6522,101.749893,55.1900,"NS HONG FATT ENTERPRISE SDN BHD"
639,1,2.811443,102.399315,74.2720,"NUR AISYAH KAMSIAH ENTERPRISE"
640,1,3.128836,101.464981,109.5917,"NUR HAZIQAH ENTERPRISE"
641,1,2.9427019,102.5002101,116.7991,"NUR MINI MART"
642,1,3.192631,101.5625203,107.7620,"NUR SAKINAH TRADING"
643,1,1.532826294,103.6766708,298.7126,"NUR SAMI ENTERPRISE"
644,1,2.2808712,102.2149152,182.5055,"NUR UKHWAH ENTERPRISE"
645,1,3.078465,101.611016,111.1975,"NURUL AFEEFAH ENTERPRISE (Mon-Sat: 9am-6pm| Fri: NO DELIVERY)"
646,1,3.024932,101.732613,14.7557,"NYS FOOD MART SDN BHD - BALAKONG"
647,1,2.982452,101.778964,6.9859,"NYS FOOD MART SDN BHD - KAJANG"
647,2,2.946046,101.845624,15.4229,"NYS FOOD MART SDN BHD - SEMENYIH"
648,1,2.7011993,101.8308397,27.2752,"NZ MAJESTIC PLT (Fri: 1pm-2pm close)"
649,1,3.830747889,103.3293359,208.4426,"OI FOOD SUPPLY SDN BHD (SAT CLOSE)"
650,1,3.1881,101.573205,207.5924,"OLIVAS BAKERY INGREDIENTS SDN BHD"
651,1,2.688894,101.988648,72.1778,"ON SEMICONDUCTOR MALAYSIA SDN. BHD."
652,1,2.1910791,102.2792256,64.0797,"ONE ONE RETAIL ENTERPRISE (Deliver after 11.30AM)"
653,1,3.834949468,103.3406636,217.4926,"ONE PLUS ONE BOUTIQUE RESIDENCE"
654,1,3.82828927,103.2754028,7.2782,"OONG HIING ENTERPRISE"
655,1,2.2729766,102.2465509,207.2666,"OPPA MART MARKETING SDN BHD - BATU BERENDAM"
656,1,2.25244,102.1958688,6.0766,"OPPA MART SDN BHD"
657,1,3.1972327,101.636834,122.0331,"OVAL LAKE DEVELOPMENT SDN BHD (Mon-Fri: 9am-4pm|Lunch: 12pm-2pm)"
658,1,2.2519873,102.2895094,127.6807,"P N A NAINA MOHAMED STORE (DELIVERY 11AM-5PM)"
659,1,3.096273,101.44454,132.7476,"PAK DEEN FRESH & FROZEN SUPPLY (Mon-Sat: 9am-6pm)"
660,1,3.12897,101.465122,4.2943,"PAK DEEN GROCERS SDN. BHD. (Mon-Sat: 9am-6pm|Fri: 12pm-3pm rest)"
661,1,3.327003,101.561192,24.4672,"PALANI MINI MARKET"
662,1,3.213731,101.6341568,14.9751,"PAN HEONG BAK KUT TEH"
663,1,2.241961,102.299653,130.9180,"PANGKOR VILLAGE SEAFOOD RESTAURANT (Mon close)"
664,1,3.188202,101.573154,132.5962,"PANTAI SELAMAT (IM) S/B"
665,1,3.771202135,103.2559684,197.7050,"PANTAI SELAMAT VALUE MART SDN BHD"
666,1,3.128957,101.465118,211.2111,"PAPPATHY PROVISIONING STORES (Mon-Sat: 9am-6pm|Thu, after 12pm-Fri: NO DELIVERY)"
667,1,3.2204941,101.6517953,23.0902,"PARK LOKE YUN SUPERMARKET"
668,1,3.1882925,101.5686546,9.9005,"PASA RAYA TOP CIRCUITS SDN BHD"
669,1,2.714368,102.002103,71.3714,"PASAR BORONG SENAWANG SDN BHD"
670,1,2.980735,101.758214,40.1360,"PASAR FAMILY MART - NZ MAJESTIC PLT"
671,1,3.128957,101.465118,36.4799,"PASAR MINI A.M.S"
672,1,2.762337,101.929541,65.7395,"PASAR MINI A.T.N (11am-11pm)"
673,1,2.3284949,102.2495103,59.9213,"PASAR MINI AASVINS"
674,1,2.448229,101.869155,44.3046,"PASAR MINI AL FATIMAH - PORT DICKSON"
675,1,2.6971037,101.9937649,30.9424,"PASAR MINI AL HAQ"
676,1,3.128823,101.465037,75.8421,"PASAR MINI AL MADINA (Mon-Fri: 8am-6pm| Fri: 12pm close|Sat: 3pm close)"
677,1,2.172082,102.596017,164.6175,"PASAR MINI AL NIYAZ"
678,1,3.03442,101.432716,160.9094,"PASAR MINI AM (OPEN ON MONDAY-SUNDAY | CLOSE ON FRIDAY AT 12PM-3PM)"
679,1,2.7312522,102.0785258,79.2474,"PASAR MINI AMPANGAN (Please call before arrange for delivery)"
680,1,2.695023,101.998962,9.7121,"PASAR MINI AR SENAWANG INDAH"
681,1,3.128983,101.465114,76.4402,"PASAR MINI AZAM BARUNA (Mon-Sat: 9.30am-6pm|Fri: 12pm-3pm rest)"
682,1,2.659424,101.565626,53.3924,"PASAR MINI BEE HENG"
683,1,3.027898,101.722515,44.5233,"PASAR MINI BERKAT BONDA (Mon-Sat: 9.30am-6pm|Fri:12pm-3pm)"
684,1,3.158593,101.760915,15.1452,"PASAR MINI BERLIAN (Mon-Sat: 9am-6pm| Fri: 12pm-3pm rest| Sat: 3pm close)"
685,1,2.9457585,102.4959275,84.9757,"PASAR MINI BORONG BARKATH MOHD NOOR"
686,1,3.863246581,103.3656074,140.4513,"PASAR MINI DAGANG SAHIHAN SDN BHD - Monday to saturday 9.30am to 4pm"
687,1,3.046131,101.504283,225.6892,"PASAR MINI DAWOOD (Mon-Fri: 8.30am-6pm|Fri: 12pm-3pm rest|Sat: Close at 3pm)"
688,1,3.755955639,103.2022689,204.3333,"PASAR MINI DING YI - 9am open. Close 7pm"
689,1,3.034498,101.432695,212.1717,"PASAR MINI EUPHORIA (Mon-Sat: 9am-6pm|Fri: 12pm-3pm rest)"
690,1,3.129071,101.465099,11.1145,"PASAR MINI FAIRPRICE TAMAN SENTOSA (Mon-Sat: 9am-6pm)"
691,1,2.854344,101.840394,51.6712,"PASAR MINI GNR - MANTIN"
692,1,3.943073,100.7756027,169.1878,"PASAR MINI GREEN MART"
693,1,2.575877,102.045429,207.3239,"PASAR MINI HAFIZI"
694,1,3.8718924,100.9299223,190.0107,"PASAR MINI HUTAN MELINTANG TIGA PULUH TIGA"
695,1,4.0091815,100.9929692,16.7917,"PASAR MINI INTAN BARU SDN BHD"
696,1,2.242322,102.299844,244.2368,"PASAR MINI IQBAL & NAYZIER"
697,1,3.129297,101.765041,115.1340,"PASAR MINI IZHARI (Open 10am-11pm|Fri: 12pm-3pm close)"
698,1,4.1948213,100.7011338,167.2584,"PASAR MINI KAMPUNG KOH"
699,1,2.6791673,102.5690676,267.1836,"PASAR MINI KEMART (Open everyday: 7am-9pm|Rest: 1pm-4pm)"
700,1,2.2967923,102.2457699,55.6569,"PASAR MINI KKS ONE"
701,1,2.6707416,101.9207543,55.0695,"PASAR MINI KONG FU (Mon-Fri: 12pm-6pm|Sat-Sun close)"
702,1,3.1984813,101.5670179,70.6162,"PASAR MINI KURNIA MAJU - JUMAAT TUTUP"
703,1,3.2040912,101.3708626,21.7864,"PASAR MINI LAILA ENTERPERISE (Fri: Close 12pm-3pm)"
704,1,2.682198,101.972451,88.4908,"PASAR MINI LONG ( PJB TAK BOLEH MASUK, HANTAR PAGI )"
705,1,2.7148083,101.9611122,3.8386,"PASAR MINI MAAS"
706,1,2.2433159,102.3140411,65.4664,"PASAR MINI MADINAH (FRI OFF)"
707,1,3.128971,101.465152,136.3397,"PASAR MINI MESRA RKS (Mon-Fri: 8.30am-6pm|Sat: 3pm close)"
708,1,2.701312,101.995469,75.6942,"PASAR MINI MUHABBAT - SENAWANG (FRIDAY CLOSED)"
709,1,2.709072,101.9257111,7.7960,"PASAR MINI MUHABBAT - SEREMBAN (Open everyday|Fri: 12.30pm-2.30pm close)"
710,1,3.129063,101.465117,69.2619,"PASAR MINI NUR AZAINAH (Fri: 12pm-4pm rest)"
711,1,2.6743991,101.9931765,77.4263,"PASAR MINI NURSARI"
712,1,3.2002098,101.5507472,76.3696,"PASAR MINI PAYA JARAS"
713,1,2.58707,102.049179,87.8186,"PASAR MINI PEDAS"
714,1,2.4862353,102.0205616,11.6543,"PASAR MINI PENGKALAN DURIAN (Delivery everyday|Fri: 12pm-2.30pm rest)"
715,1,2.2574983,102.1954667,32.0079,"PASAR MINI PERMAI SETIA"
716,1,2.6733018,101.9183997,55.5437,"PASAR MINI PSA MAJU"
717,1,2.891982,102.4019611,58.9544,"PASAR MINI RAASI"
718,1,3.128855,101.465078,107.3153,"PASAR MINI RAM SUNWAY VILLA APARTMENT"
719,1,3.152606,101.770132,33.9723,"PASAR MINI RASMI (Mon-Sat: 8.30am-6pm| Fri: 12pm-3pm rest| Sat: 3pm close)"
720,1,3.069912,101.749662,9.4719,"PASAR MINI REZEKI (Fri: 1pm-5pm close)"
721,1,2.949416,102.058253,36.7928,"PASAR MINI SEONG HENG"
722,1,3.83246032,103.3283805,171.8066,"PASAR MINI SETALI"
723,1,3.128994,101.465137,221.0990,"PASAR MINI SETIA ALAM (Mon-Sat: 2pm-8pm)"
724,1,2.199784341,102.6058914,163.4948,"PASAR MINI SIANG HOCK"
725,1,2.251184,102.158799,50.0046,"PASAR MINI SINAR GEMILANG - TAMAN TANGGA BATU PERDANA"
726,1,2.262822,102.191563,3.8635,"PASAR MINI SINAR GEMILANG (Small Lorry) - TAMAN RAMBAI UTAMA"
726,2,2.356359,102.103392,18.1514,"PASAR MINI SON HUAT"
727,1,3.12897,101.465122,111.3825,"PASAR MINI SRI EHSAN (Mon-Fri : 8am-6pm | Sat : 3pm closed)"
728,1,2.946532,101.845759,46.8817,"PASAR MINI SRI RAAMA"
729,1,2.28698,102.181069,82.2546,"PASAR MINI TAQWA (JUMAAT TUTUP)"
730,1,3.133012,101.375926,129.7967,"PASAR MINI THANA (Mon-Sat: 8.30am-6pm)"
731,1,2.652717,102.5340178,139.2574,"PASAR MINI TOK HASSAN (Call before arrange for delivery)"
732,1,3.028052,101.726036,98.9638,"PASAR MINI UMA"
733,1,2.6665019,101.9183247,45.5223,"PASAR MINI YAKIN MAJU - P. PERDAGANGAN GEMAS"
734,1,2.5868531,102.5605831,71.8885,"PASAR MINI YAKIN MAJU - PEKAN PASIR BESAR"
735,1,2.643147,101.717513,93.8565,"PASAR MINI YC YEE CHIN"
736,1,2.6059925,101.7643781,6.6459,"PASAR RAYA ARAFAH MAJU"
736,2,2.63956,101.7563291,10.4840,"PASAR RAYA ARAFAH MAJU (Open everyday|Fri: 12.30pm-2.30pm close)"
737,1,3.301924,101.493232,79.2344,"PASAR RAYA ASS SETIA"
738,1,3.128905,101.465069,19.4912,"PASAR RAYA BISMI (Mon-Sat: 10am-8pm|Fri: NO DELIVERY)"
739,1,3.173116,101.576215,13.2834,"PASAR RAYA BORONG DAN RUNCIT SURIA (SATURDAY AFTER 2PM NO RECEIVED GOOD)"
740,1,3.12898,101.465116,13.2754,"PASAR RAYA KAMKA"
740,2,3.12881,101.464801,13.3152,"PASAR RAYA KANESH"
741,1,2.8281921,101.7296673,44.5246,"PASAR RAYA SAROJA UTAMA"
742,1,3.129065,101.465087,44.5249,"PASAR RAYA SMART (Fri: 1pm-3pm rest)"
743,1,2.989558,101.638945,24.7650,"PASAR SEGAR ARIFFIN ARAFAT (Mon-Sat: 9am-6pm)"
744,1,2.7903109,102.2929478,75.9333,"PASAR SEGAR HIJRAH ENTERPRISE"
745,1,2.7047987,101.9525332,38.9862,"PASAR SEGAR RIAS"
746,1,2.998456,101.755537,39.3048,"PASAR SEGAR SSV (RABU TUTUP)"
747,1,3.8897981,100.9362567,134.5079,"PASAR SEGAR SURIA"
748,1,3.128957,101.465118,102.9692,"PASAR SEGAR TELOK AIYAPPAN RENAS (Mon-Sat: 8.30am-6pm|Sat: Close at 5pm)"
749,1,3.079911,101.764348,33.6687,"PASARAYA ALAM JAYA SDN BHD"
750,1,3.075824,101.489194,30.5550,"PASARAYA BAN SOON SDN BHD"
751,1,3.177282,101.687117,24.7020,"PASARAYA DANIYA SDN BHD - sunday closed ( business hour 11.00 am- 08.00 pm)"
752,1,2.8920944,102.4019491,85.4744,"PASARAYA DEIN"
753,1,2.6477819,101.7468925,77.6603,"PASARAYA FATEEMAH"
754,1,3.054452896,103.0873698,155.5858,"PASARAYA GEMILANG MUADZAM SDN BHD"
755,1,2.589383,102.588734,75.7697,"PASARAYA G-MART SDN BHD"
756,1,3.034433,101.432673,137.6000,"PASARAYA HAPPY HAPPY (Mon-Sat: 9am-6pm)"
757,1,3.3027231,101.2459559,36.3280,"PASARAYA HIJRAH (PELITA HIJRAH SDN BHD)"
758,1,2.747932,101.953588,99.8985,"PASARAYA JELITA (smnall lorry)"
759,1,3.00698,101.709171,39.5790,"PASARAYA JUST RIGHT SDN BHD"
760,1,3.147212,101.739155,15.9445,"PASARAYA MADEENA"
761,1,2.725251,101.939727,51.9382,"PASARAYA MAP SDN BHD"
762,1,2.681679,101.903017,6.3324,"PASARAYA MEGA INDAH SDN BHD"
763,1,3.880115789,103.337988,207.6868,"PASARAYA MEGA JAYA MAJU-OPEN 11AM"
764,1,3.096309,101.444524,227.5079,"PASARAYA MEKODA (M) SDN BHD (Fri: 12pm-3pm rest)"
765,1,2.827368,101.88079,56.9323,"PASARAYA MILLENNIUM (MANTIN) SDN BHD(OFF FRI-SAT)"
766,1,2.1673378,102.432371,95.6083,"PASARAYA ONE FAMILY (MERLIMAU)"
767,1,2.2404353,102.1575033,31.6044,"PASARAYA ONE FAMILY (TANJUNG KLING)"
768,1,2.442176,101.8648555,39.5014,"PASARAYA PEBBLE BEACH"
769,1,4.7567618,103.4087183,309.1758,"PASARAYA SAMAMAJU (D) SDN BHD (CALL SALESMAN BEFORE SEND)"
770,1,4.250584969,103.4322024,56.3445,"PASARAYA SAMAMAJU (K) SDN BHD (CALL SALESMAN BEFORE SEND)"
771,1,2.69261,101.975052,236.9954,"PASARAYA SSR SENAWANG"
772,1,3.098239,101.701066,54.4073,"PASARAYA T.S MEGA"
773,1,2.244598,102.160315,107.7588,"PASARAYA TOP MAX (DELIVERY: Mon - Fri : 1PM - 5PM)"
774,1,2.675131,101.993652,51.3287,"PASARAYA TTJ FAMILY SDN BHD (Receiving: After 11am)"
775,1,3.128823,101.465037,77.4026,"PASARAYA TY SDN. BHD."
776,1,3.128905,101.465069,0.0098,"PASARAYA UPSANA (Mon-Sat: 10am-6pm|Fri: 12pm-3pm rest)"
776,2,3.031843,101.53548,13.3367,"PASARAYA WENG FOON SDN. BHD."
777,1,2.456023,102.070796,87.3763,"PASARMINI LUBOK CINA"
778,1,3.0382979,102.0702886,64.7460,"PATTANA TOMYAM SEAFOOD (Open 1pm-11pm|Wed close)"
779,1,3.153949,101.60333,53.4186,"PD DAILY FRESH"
780,1,3.183922,101.61362,3.5232,"PD DELIMEE FOOD INDUSTRIES"
781,1,2.538253,101.797022,74.6283,"PD JIMAT ENTERPRISE"
782,1,5.311480867,100.4348473,343.3971,"PELITA SAMUDERA PERTAMA (M) SDN. BHD."
783,1,3.128967,101.465128,268.2303,"PEMBORNG BARANG RUNCIT PELANGI (Mon-Sat: 10am-6pm)"
784,1,3.2219337,101.5197575,11.9854,"PEMBORONG & PERUNCIT LINA (Sat: Close)"
785,1,2.854478,101.799272,51.3104,"PEMBORONG BARANG RUNCIT HUP SOON"
786,1,3.129043,101.46515,48.0484,"PEMBORONG BARANG RUNCIT SM LEE"
787,1,3.018567,101.734572,32.3393,"PEMBORONG BARANG RUNCIT SOON SHENG"
788,1,2.522651,101.797759,55.5881,"PEMBORONG MAKANAN & MINUMAN CERIA - PORT DICKSON"
789,1,2.527122,101.798514,0.5042,"PEMBORONG MAKANAN & MINUMAN MUHIBAH"
790,1,3.8365807,101.3876052,152.5844,"PEMBORONG RAO SDN BHD"
791,1,3.048432,101.444929,87.8688,"PENG HEONG HAKKA PAIKUT RESTAURANT"
792,1,3.128451,101.634727,22.8753,"PENG SOON"
793,1,2.706052,101.926671,57.0714,"PERMAI SEMBILAN ENTERPRISE S/B-5 TON 3 ORG-SAT&SUN NO RECEIVED"
794,1,2.742156,101.950236,4.7924,"PERNIAGAAN AL-AMIN"
795,1,2.8785885,102.3234398,44.1375,"PERNIAGAAN BANGLANG SERI SERTING"
796,1,4.226135387,103.4286789,193.6417,"PERNIAGAAN CLS - Friday close"
797,1,3.808904058,103.3097612,48.2327,"PERNIAGAAN DAGANG SAHIHAN SDN BHD"
798,1,3.005905,102.442745,131.2786,"PERNIAGAAN FIRDAUS RASHID"
799,1,3.188298,101.573231,98.6515,"PERNIAGAAN HE SOON (no delivery on Monday)"
800,1,2.197021,102.249353,133.3760,"PERNIAGAAN KPM MOHAMAD"
801,1,3.2168783,101.6255266,132.8949,"PERNIAGAAN MAHAMAS (Tue-Sun:7.30am-7pm|Except Mon 7.30am-2pm)"
802,1,3.8978562,100.9303106,108.1047,"PERNIAGAAN SHEN HOCK"
803,1,3.224367,101.5631572,102.6693,"PERNIAGAAN SUNGHO FOOD SDN BHD"
804,1,2.255564,102.238183,131.2471,"PERNIAGAAN WAH SING (N.S.) SDN. BHD. (Open 4am-4pm)"
805,1,2.99464,101.756126,98.0864,"PERNIAGAAN XING FAI (FRIDAY OFF)"
806,1,4.227150989,103.4178872,229.7588,"PERNIAGAAN Y K GEMILANG (FRIDAY CLOSE)"
807,1,4.0240042,101.0186324,267.0505,"PERNIAGAAN YONG KI"
808,1,3.1882442,101.5649721,110.9609,"PINNACLE FOODS (M) SDN BHD"
809,1,2.5482813,101.9753894,84.5060,"PIRAMILA A/P ARUMUGAM"
810,1,5.416230204,100.340718,366.8393,"PODIRECT TRADING (M) SDN BHD"
811,1,4.762213593,103.4250843,349.2666,"POK ENG TIN ENTERPRISE SDN BHD"
812,1,2.689047,101.983868,280.5579,"PONNY CASH AND CARRY SDN. BHD."
813,1,2.652916,102.5339046,61.2268,"PRABHAKAR A/L RAMAN (3pm-12am|Sun close)"
814,1,4.0248429,101.0186845,227.0713,"PRK SPICE & HERBS"
815,1,3.156252,101.741978,125.5834,"PROFIT BEST TRADING (DELIVERY TO CUSTOMER'S HOUSE, PLEASE CALL 30 MINS BEFORE DELIVERY)"
816,1,2.5383217,102.4058174,100.7790,"PUJAAN MINI MART SDN BHD-TAMAN MUHIBBAH"
817,1,2.6611064,102.4169152,13.7086,"PUJAAN MINI MART SDN BHD-TAMAN SRI INTAN"
818,1,2.8859507,102.4128054,25.0057,"PUTRA ROHIMIEN AIMY BIN RADZEMI - D' WARUNG FADILAH"
819,1,3.128957,101.465118,108.6466,"QASEH AMEERA RESOURCES (Mon-Sat: 9am-6pm|Fri: 12pm-3pm rest)"
820,1,3.198387,101.722557,29.6066,"QCPLUS SDN. BHD. - SETAPAK (HQ)"
821,1,2.674784,101.929687,62.6009,"QIANYUGE MIXED RICE (Delivery: morning)"
822,1,2.992807,101.760437,40.0478,"QXQY MANAGEMENT SDN. BHD."
823,1,2.6871375,101.9411722,39.4732,"RADHA STORE"
824,1,2.5917118,101.822286,16.9404,"RAHIMA MINI MARKET - TAMAN PERINDUSTRIAN LUKUT (Fri: 12pm-3pm close)"
824,2,2.578881,101.8442535,19.7670,"RAHIMA MINI MARKET - TAMAN SRI LUKUT"
825,1,3.128959,101.465107,74.2579,"RAHIMA STORE (Mon-Fri: 8am-6pm|Fri: 12pm close|Sat: 3pm close)"
826,1,3.128918,101.465123,0.0049,"RAINDROP RESOURCES SDN BHD (Mon-Sat: 9am-6pm|Fri: 12pm-3pm)"
827,1,3.02444,101.750149,33.7127,"RAISHA MAJU TRADING (Fri: 1pm-3pm rest)"
828,1,3.8901958,100.8511226,138.6519,"RAJAHS ENTERPRISE"
829,1,2.665372,101.987995,185.6788,"RAJBARI ENTERPRISE (FRIDAY 12.30PM-3PM OFF)"
830,1,3.2121628,101.5726418,76.3160,"RAJDHANI SDN BHD"
831,1,3.080386,101.764632,25.8667,"RAMZAN MINI MARKET (Fri: Close 1pm-5pm)"
832,1,2.6784227,101.9478186,49.1083,"RASAH JAYA DAILY MART SDN BHD"
833,1,3.1981898,101.5948604,69.8326,"RAYYAN SPEEDMART(MOHD LUKMAN)"
834,1,2.2611787,102.1407431,120.5476,"RECRON (MALAYSIA) SDN BHD - MELAKA HOSTEL"
835,1,2.253817,102.151588,1.4567,"RECRON (MALAYSIA) SDN BHD - MELAKA PHASE 1"
835,2,2.25497,102.144617,2.2418,"RECRON (MALAYSIA) SDN BHD - MELAKA PHASE 3"
836,1,2.814763,101.8176278,72.0694,"RECRON (MALAYSIA) SDN BHD - NILAI GENERAL PLANT"
837,1,2.2054708,102.2522094,83.1909,"RESTAURANT L.T.P SDN BHD (Break Time : 2.30-5.30pm no receiving)"
838,1,3.138613,101.624039,125.0380,"RESTORAN AL-RIFAAHY MAJU"
839,1,2.2542479,102.2769851,122.1874,"RESTORAN ASRI ROS MERAH SDN BHD"
840,1,3.1982949,101.5732,130.8801,"RESTORAN BAK KUT TEH KIM KEE"
841,1,2.955825,101.767651,34.5410,"RESTORAN BANGI IMPIAN MAJU (LUTHFIA ALLIANCE SDN. BHD.)"
842,1,3.1968558,101.5657222,34.9431,"RESTORAN C&Y - (OPEN 7AM-12PM)"
843,1,3.086921,101.692362,18.6314,"RESTORAN CHON SAI KEI"
844,1,2.811745,102.3963773,83.9537,"RESTORAN CMZ TOM YAM (Open 3pm-12pm)"
845,1,3.212679,101.6385787,95.2272,"RESTORAN FERN HEONG (8.30AM-4.30PM)"
846,1,2.955961,101.768493,31.9834,"RESTORAN HABEEB MAJU"
847,1,2.8081519,102.4012404,72.1658,"RESTORAN HIJASS"
848,1,3.206805,101.616135,97.8020,"RESTORAN IPOH ROAD YTF"
849,1,3.073706,101.61511,14.8004,"RESTORAN JAHANGEER"
850,1,2.857408,101.807033,32.1353,"RESTORAN KIM FONG N TIGA (Open: 7am-5pm|No delivery during lunch time)"
851,1,3.1975612,101.5654258,46.3718,"RESTORAN KONG MAH SDN BHD (open 7am - 4pm)(tuesday closed)"
852,1,3.1827378,101.5401381,3.2556,"RESTORAN LEE HONG KEE SDN. BHD.OPEN-12-3PM MONDAY HALF DAY ONLY"
853,1,3.052425,101.445092,17.9257,"RESTORAN LIAN SIANG (Delivery at Gate F|Mon-Fri: 9.30am-11.30am & 1.30pm-3.30pm|Sat: Normal time)"
854,1,3.188149,101.573081,20.7293,"RESTORAN MEI JING (Open 2pm-10pm,KHAMIS TUTUP)"
855,1,2.4627127,101.8543241,86.5010,"RESTORAN MOHAMADUNNI"
856,1,3.826135304,103.3373058,223.8151,"RESTORAN NASI KANDAR KUALITI"
857,1,2.673226,101.9183709,203.0956,"RESTORAN NOOR BISTRO 71"
858,1,2.9397397,102.0712292,34.1532,"RESTORAN NOR FALAH (Open 7.30am-8pm)"
859,1,3.2032786,101.4843394,71.4511,"RESTORAN NURI AL NISAR"
860,1,3.129041,101.465112,8.5264,"RESTORAN OON OON (1pm - 5pm) (ISNIN CUTI)"
861,1,3.807930584,103.3233654,219.6294,"RESTORAN PING XIANG"
862,1,3.088366,101.743564,192.7391,"RESTORAN SEGAR PERTAMA"
863,1,3.1905466,101.5658297,22.7707,"RESTORAN SERI RASA"
864,1,3.2472475,101.2358762,37.1699,"RESTORAN SIDDIQ"
865,1,3.832287293,103.3366871,242.0582,"RESTORAN TONG SENG BARU DUA"
866,1,2.975536,101.809302,194.4691,"RESTORAN URAT KETING"
867,1,3.19172,101.600144,33.4244,"REZAL TRADING - AL FALAH MART (Fri-Sat close)"
868,1,2.6387622,101.7137659,62.7674,"REZEKI FOOD STUFF ENTERPRISE"
869,1,1.669110517,103.6339115,239.0532,"REZEKI MINIMART"
870,1,3.212824,101.6379809,280.4080,"RING ZHI VAGETARIAN RESTAURANT (11AM-7PM)"
871,1,2.1583464,102.3973861,144.4395,"RIZA RICH FOOD INDUSTRIES (FRIDAY 12PM - 3PM OFF)"
872,1,2.680206,101.943952,76.8430,"RJ FAMILY STORE SDN BHD (Receiving: After 11am)"
873,1,3.8944975,100.9299612,175.7886,"RK SANTHIYA MINI MARKET"
874,1,3.128957,101.465118,103.7971,"ROHAN MAJU MII MARKET (Mon-Sat: 10am-6pm|Fri: 12pm-3pm rest)"
875,1,4.228632789,103.428473,249.8315,"ROKMAN GIGIH TRADING (CLOSE - 5PM)"
876,1,2.439583577,102.1842288,242.1773,"RR NANING ENTERPRISE"
877,1,2.2522965,102.1982322,20.8834,"RS FAMILY MARKET ( OPEN 11AM, SMALL LORRY )"
878,1,3.25282,101.446804,139.0770,"RS VALLEY TRADING & SERVICES - PPAJ (Fri: 12pm-3pm rest)"
879,1,3.129189,101.465156,13.8973,"RS VALLEY TRADING & SERVICES - TIAJ (Fri: 12pm-3pm rest)"
880,1,2.3828824,102.2117659,117.3148,"RZ MAJU SDN BHD ( 10 AM-4 PM , FRI 12 PM-2 PM OFF )"
881,1,2.7890154,102.578274,60.8022,"SAI MINI MARKET (Open 8am-8pm)"
882,1,3.9064538,100.7743682,235.6583,"SAI STORE"
883,1,2.909877,101.469573,135.0345,"SAI VINA CASH & CARRY (Mon-Sat: 9am-6pm|Sat close at 1pm)"
884,1,2.568588,101.828739,55.0593,"SAIKUMARANS CASH & CARRY"
885,1,3.034434,101.432771,67.9498,"SAJIAN AMBANG SDN BHD"
886,1,3.129055,101.465173,11.1195,"SAKTHI RS SDN BHD (Mon-Sat: 9am-6pm)"
887,1,3.15983,101.713936,27.8307,"SAKTI SRI AMBAL MAJU TRADING"
888,1,2.5100722,102.1665633,88.0165,"SALAM BERKAT MINI MARKET (Open 8am-8pm)"
889,1,5.458194977,100.3134158,386.9238,"SAM'S GROCERIA SDN BHD - STRAITS QUAY"
890,1,5.398833857,100.3980271,11.4583,"SAM'S GROCERIA SDN BHD - SUNWAY CARNIVAL MALL"
891,1,2.7903269,102.2930265,358.1857,"SANG KEE FOODSTUFF (Open 7am-2pm|Call before delivery)"
892,1,3.099941,102.220235,35.3637,"SAR NILAM ENTERPRISE"
893,1,2.739467,102.223562,40.0846,"SARVANA TRADING (Call Before Delivery)"
894,1,2.4300219,101.8632635,52.7804,"SAVEMART TRADING (Mon close)"
895,1,2.4239552,101.8807959,2.0613,"SAZALI BIN ABD AZIZ"
896,1,3.425583455,101.7933386,111.7986,"SB GLORY SDN BHD"
897,1,3.745457867,103.1695574,156.8158,"SBP MAJU SDN BHD"
898,1,3.136069,101.372825,210.6239,"SCS JAYA ENTERPRISE (Fri: 12pm-3pm close)"
899,1,2.199395,102.247781,142.4524,"SEE LEONG SOON TRADING"
900,1,2.5609882,101.8153255,62.6497,"SEGAR MINI MARKET"
901,1,3.762586399,103.2833456,210.7514,"SEKOLAH MENENGAH CHONG HWA KUANTAN"
902,1,3.188219,101.57318,200.2679,"SEMAQ IQHLAS SDN BHD"
903,1,2.818333,101.814914,49.1137,"SEMARAK MART TRADING"
904,1,2.790236,101.749262,7.9326,"SEMENYIH FOODMART SDN BHD"
905,1,2.943634,101.843827,20.0309,"SEMENYIH FROZEN FOOD MART"
906,1,2.6802939,101.9453049,31.3761,"SEMMA PASI FOOD EMPIRE (Mon-Sat: 8am-4pm|Sun close)"
907,1,2.656777,101.993386,5.9464,"SENAWANG MART SDN. BHD."
908,1,3.212016,101.616831,74.5679,"SETAPAK YONG TAU FU ENTERPRISE"
909,1,2.72015,101.958545,66.5673,"SETOR BISMILLAH"
910,1,2.724758,101.970691,1.4431,"SETOR BISMILLAH (CAWANGAN) - Friday closed"
911,1,3.1198698,101.4553197,72.1508,"SFS KOPITIAM CAFE"
912,1,2.8969825,102.4085076,108.7065,"SHAFA NS TRADING"
913,1,3.054135,101.738171,76.4611,"SHAHRUL FRESH & FROZEN (M) SDN BHD (Fri: Close during Jumaat prayer)"
914,1,3.196506,101.709813,16.1410,"SHAN MGT ENTERPRISE (Fri: 1pm-5pm close)"
915,1,3.817922656,101.8519693,70.8767,"SHANTI MASPADI SDN BHD"
916,1,2.5656164,101.8274333,139.2767,"SHC SUCCESS WHOLESALER SDN BHD (Receiving 1pm-5pm)"
917,1,2.6477285,101.7469879,12.7756,"SHIN KONG LEE TRADING"
918,1,3.040992,101.447262,54.9566,"SHREE MAP JAYA SDN BHD (Mon-Fri: 9am-6pm|Sat: 9am-3pm)"
919,1,2.2463928,102.2335208,124.2334,"SHREE PATHMA STORE"
920,1,2.594095,102.078388,42.3301,"SHU BEE ENTERPRISE"
921,1,2.4456901,101.8590868,29.4245,"SI RUSA MINI MARKET"
922,1,2.688826,101.98408,30.3924,"SIAN BOY MIXED RICE"
923,1,2.7487968,101.9674873,6.9184,"SIKAMAT POINT"
923,2,2.68198,101.972747,14.3711,"SILVER LINE SALES & SERVICES"
924,1,2.7491817,101.9157683,9.7923,"SIM YAM HOE SDN BHD"
925,1,2.649425,101.747163,21.7658,"SIN MAH LEE ENTERPRISE"
926,1,2.553235,101.8059851,12.5337,"SIN NG WING SUN MINI MARKET"
927,1,3.049872,101.495407,65.1109,"SINAR BARUNA ENTERPRISE (Mon-Fri: 8am to 6pm | Fri: 12pm to 3pm close)"
928,1,2.664112,101.98577,69.3226,"SINAR JMART ENTERPRISE - Off every Friday"
929,1,3.251992,101.448689,88.4883,"SINAR TEGUH RESOURCES (Mon-Sat: 9.30am-6pm| Fri: NO DELIVERY)"
930,1,3.039787,101.749066,40.8534,"SINTAK KEE FOODS TRADING"
931,1,3.450564203,102.4113123,86.5537,"SIONG HING HANG MARKETING SDN BHD"
932,1,6.080506369,100.3631643,370.1606,"SKAWAN SDN BHD"
933,1,1.594476169,103.6848573,620.1347,"SLH TUTA (M) MARKETING SDN BHD"
934,1,2.2135708,102.2447177,174.2240,"SNM KEJORA ENTERPRISE (NASI KEJORA)"
935,1,3.128928,101.465163,133.6307,"SOHEL DAILY FRESH ENTERPRISE (Mon-Sat: 10am-6pm|Fri: 12pm-3pm close)"
936,1,2.5855542,102.5951649,139.2814,"SOLFAZ SDN. BHD. - AL ZIYA FATHIMA RESTORAN"
937,1,3.199847,101.617757,128.2478,"SOON CHEONG MARINE PRODUCTS SDN BHD"
938,1,3.225815,101.56779,6.2539,"SOON CHEONG MARINE PRODUCTS SDN BHD(SG BULOH)"
939,1,3.8731955,100.9240346,101.4211,"SOON HENG LAI TRADING"
940,1,3.323644,101.578322,94.9014,"SOON LEE & WTC SDN BHD (Monday off; 12pm-2pm lunch)"
941,1,2.2377456,102.3446832,147.7297,"SOON ONG"
942,1,2.644006,101.715883,83.1897,"SP MEGA FROZEN FOOD SDN BHD (3PM CLOSE)"
943,1,2.5084106,102.1684491,52.4845,"SRA OM SAKTHI STORE (Open 8am-7pm|Sun close)"
944,1,5.488327886,100.426365,383.5712,"SRI BERTAMAS JAYA SDN BHD"
945,1,3.026502,101.428519,295.4357,"SRI DEVI STORE (Delivery by salesman)"
946,1,3.188163,101.573131,24.1028,"SRI RANTAU FOOD MART (8.00am – 12.00pm / 2.00pm – 5.00pm) (Tue & Sun Off)"
947,1,3.183843,101.613623,4.5211,"SRI RANTAU SPEED MART - 3pm close every day"
948,1,2.976721,102.060039,54.6567,"SS HAPPY MART (WONG KONG WUI)"
949,1,3.8985077,100.936034,161.4628,"SS SELVAARASII MINI MARKET"
950,1,3.197425,101.56801,104.8643,"ST.MARK'S COZY HOME"
951,1,3.831780669,103.3364068,208.5564,"STAR BBQ RESTAURANT"
952,1,2.1952995,102.248807,218.3953,"STAR KRIS TRADING SDN BHD"
953,1,2.2589138,102.2899483,8.4221,"STARS MART NETWORKS (*FRIDAY OFF)"
954,1,3.8914933,100.9007392,238.2150,"STK N TRADING"
955,1,1.672093864,103.8511859,410.2063,"STOR TAWAKAL SDN BHD"
956,1,2.728815,102.2462567,213.5576,"SUBBU LETCUMI A/P JAGANTHAN (Sat-Sun close)"
957,1,2.1874931,102.2677525,60.2396,"SUKARIA SELECTION (M) SDN BHD"
958,1,3.128945,101.465163,137.4992,"SUMON MAJU SDN. BHD. (Mon-Sat: 10am-8pm|Fri: 12pm-3pm rest)"
959,1,2.809592,102.412444,111.0234,"SUN DA TRADING (DELIVERY BEFORE 12 NOON)"
960,1,2.5300141,101.8031274,74.4777,"SUN HUP KI TRADING (open 10am - 6pm)"
961,1,6.357713814,100.4206005,452.3662,"SUN LEAN BRAN MILL SDN BHD"
962,1,3.196536,101.567435,373.7674,"SUN THONG HING SDN BHD"
963,1,3.128987,101.465145,13.6159,"SUNSEEN TRADING"
964,1,3.021717,101.765476,35.4162,"SUPER SEVEN (M) SDN BHD - CHERAS JAYA"
965,1,3.049089,101.735535,4.5074,"SUPER SEVEN (M) SDN BHD - SG BULOH"
965,2,3.03882,101.769435,8.4410,"SUPER SEVEN CASH & CARRY SDN BHD - BALAKONG"
966,1,1.65671222,103.5705753,252.3102,"SUPREME HEALTHY VEGETARIAN FODDS"
967,1,3.398899596,101.7692864,278.5049,"SURE WIN CLAYPOT SEAFOOD PORRIDGE SDN BHD (open 10am-3am)"
968,1,2.2733184,102.226459,135.0651,"SYAMID ENTERPRISE ( FRIDAY OFF )"
969,1,3.868483311,103.526598,228.6929,"SYARIKAT ENG HONG SDN BHD (Mon-Sat 9am-12pm,2pm-5pm) (Sun & PH Off)"
970,1,4.018622443,101.9723922,173.2169,"SYARIKAT LEAN TRADING"
971,1,2.245286,102.271852,199.9693,"SYARIKAT M.B.ABDUL NASER (FRIDAY OFF DAY)"
972,1,2.811812,102.40098,64.6073,"SYARIKAT MALAR"
973,1,2.7390995,102.2453252,19.0850,"SYARIKAT MOHD.ISA BERSAUDARA (Fri-Sat: Close)"
974,1,3.028612,101.805897,58.4620,"SYARIKAT NG KEONG DAN ANAK-ANAK"
975,1,3.759736778,103.2624028,180.9606,"SYARIKAT PERNIAGAAN HAP SOON LEE ( 11AM- 8PM )"
976,1,2.701899,101.95692,186.6566,"SYARIKAT PERNIAGAAN MOH GUAN HIN KEE (TUESDAY & THURSDAY CLOSE)"
977,1,3.491915511,103.3938371,182.1289,"SYARIKAT PERNIAGAAN MOOI LONG - Mon to sat 8.30 to 5.30 delivery"
978,1,6.096712171,100.3546899,444.1570,"SYARIKAT PERTAMAI SDN BHD"
979,1,2.734932,102.240854,428.3106,"SYARIKAT SARVANA"
980,1,3.9034433,100.9000314,197.5748,"T.P STORE"
981,1,2.206902,102.262782,241.8312,"TAI GUAN CHAN SDN BHD - RECEIVING 9AM - 3:30PM"
982,1,3.128912,101.465079,135.5046,"TAI ON MEDICAL HALL(MONDAY CLOSED)"
983,1,2.345739396,102.524503,146.3876,"TANGKAK BEE HONG ENTERPRISE SDN BHD (Monday to Friday -  8:30am-5.00pm)"
984,1,1.533652373,103.7808827,166.2779,"TBR BERAS ENTERPRISE"
985,1,2.740523,102.248994,216.7551,"TEE HIAP HUAT TRADING"
986,1,6.142747202,100.3662682,432.0530,"TEGUH MURNI JAYA SDN BHD"
987,1,2.675369,101.977762,424.9257,"TF MULTI FOOD MARKETING SDN BHD (SAT NO RECEIVE)"
988,1,2.8124569,102.4139396,50.7867,"THAAM ENTERPRISE (Please call before delivery)"
989,1,4.778047101,103.4244486,245.6401,"THAM KOK SIONG BROTHERS TRADING (FRIDAY CLOSE)"
990,1,3.128823,101.465037,284.3790,"THARAS CASH & CARRY (Mon-Sat: 9.30am-6.30pm)"
991,1,3.128979,101.46511,0.0191,"THAYA MINI MARKET SDN BHD (Mon-Sat: 9.30am-6pm)"
992,1,3.831459028,103.2745832,215.4877,"THEONG HIN ENTERPRISE ( CALL BEFORE SEND )"
993,1,2.68926,101.983768,191.4807,"THILAGAM MINI MARKET"
994,1,3.385178767,101.7753856,80.7679,"THIRTY THREE WALMART"
995,1,3.854138997,103.3302237,180.2523,"THOMYAM FOOD INDUSTERIES SDN BHD"
996,1,2.2423793,102.313382,211.8181,"TIGA TIGA LAPAN MINI MARKET"
997,1,3.183918,101.613631,130.3894,"TMS SUPER STORE"
998,1,2.6878376,101.8484237,61.0133,"TNF MAJU ENTERPRISE"
999,1,2.674599,101.929871,9.1656,"TONG AH PENGARAKAN SDN BHD ( MON-FRI 8:30AM-5PM )"
1000,1,3.208827,101.615782,68.8862,"TONG SIANG KITCHEN SDN BHD (Thursday Close)"
1001,1,2.6877022,101.7488175,59.8000,"TONG SOON CHIN (PJB TAK BOLEH MASUK)"
1002,1,2.9640737,102.1170045,51.1513,"TONGKAH BIDUANDA TRADING - CHE LAH MART"
1003,1,2.3618125,102.0388176,67.5292,"TOP FRESH MINI MARKET"
1004,1,2.297555,102.248375,24.3542,"TOP MAX MINI MARKET (DELIVERY : Mon - Fri : 1pm - 5pm)"
1005,1,3.199519,101.725462,115.8960,"TOPZELLER (M) SDN BHD - SUPER SEVEN SETAPAK"
1006,1,2.94377,102.064858,47.2109,"TQ BESTARI SDN BHD (FRIDAY 12.30PM-2.30PM OFF)"
1007,1,6.093250295,100.4289158,394.3619,"TRAK UTARA (M) SDN BHD"
1008,1,3.063017,101.647217,362.9925,"TWO SIX DELIGHT GARDEN CATERERS"
1009,1,4.630477515,103.4385286,264.3327,"U SENG MINI MARKET & STORE (FRIDAY CLOSE)"
1010,1,2.249955,102.230469,296.7223,"U-BESMART WHOLESALE MARKET SDN BHD"
1011,1,2.2147922,102.2299478,3.9104,"UNGGUL MINI MART"
1012,1,5.413271495,100.3968545,409.6858,"UNITED MALAYAN FLOUR (1996) SDN BHD"
1013,1,2.5603146,101.81157,353.9195,"UYIR INSPIRED SDN. BHD."
1014,1,3.805725763,103.3285147,218.0380,"V AQUARIUM"
1015,1,3.077938,101.611086,207.0904,"V GOOD STORE RESOURCES- (ISNIN TUTUP)"
1016,1,2.946268,101.845684,29.8825,"V.S.VARUSAI IBRAHIM & CO."
1017,1,4.0197174,101.0430092,148.9424,"VANAN STORE"
1018,1,2.7046855,101.8800407,173.2462,"VIKA ENTERPRISE"
1019,1,3.129019,101.465057,65.9550,"VITTA ENTERPRISE (Mon-Sat: 9am-6pm)"
1020,1,2.827606,102.409126,110.0610,"VK RAMASAMY TRADING SDN BHD (Close at 2 pm)"
1021,1,2.82302,101.89265,57.3620,"VMAS MINI MARKET"
1022,1,3.077938,101.611086,42.2030,"VO FON TRADING SDN BHD (SATURDAY CLOSE 12.30PM)"
1023,1,2.949694,102.05491,51.3043,"VPS FAMILY H MART"
1024,1,3.129028,101.465126,68.4574,"VSM STORES SDN BHD (Mon-Sat: 10am-6pm)"
1025,1,2.6519328,101.9053411,72.1410,"VST MART"
1026,1,3.129065,101.465149,72.1423,"WAAJIBA TRADING (Mon-Sat: 9am-6pm|Fri: 12pm-3pm rest)"
1027,1,3.128957,101.465118,0.0125,"WAHYUNI EDUTAINMENT SDN BHD (Mon-Sat: 9am-6pm|Fri: NO DELIVERY)"
1028,1,3.12848,101.765613,33.3638,"WAI CHOON TRADING (Mon-Sat: 1pm-6pm)"
1029,1,3.038294,101.767729,10.0310,"WAI LUN ENTERPRISE"
1030,1,2.7179018,102.2446655,63.8326,"WAJADDA ENTERPRISE"
1031,1,3.045525,101.772506,63.8483,"WAN SHENG MINI MARKET (Tue: Close|Delivery after 11.30am)"
1032,1,3.029864,101.535609,26.3623,"WANJIALI MARKETING SDN BHD"
1033,1,2.1612237,102.3216632,130.2044,"WARISAN URAZ"
1034,1,6.125845367,100.3579419,491.6870,"WENG AIK TRANSPORT TRADING COMPANY"
1035,1,3.20331,101.603463,353.0668,"WHITE HERON PRARMACEUTICAL SDN BHD"
1036,1,3.009313,101.710221,24.6137,"WIGNES MINI MARKET SDN BHD."
1037,1,3.003932,101.465793,27.1483,"WING SMG TRADING (MON-FRI : 8AM-6PM | SAT CLOSED AT 3PM)"
1038,1,3.212531,101.64315,30.4269,"WONG YEE HUEK (THURSDAY OFF)"
1039,1,2.1881789,102.2527341,132.5066,"XING HONG KI RESTAURANT (Monday to Saturday 11am-9pm)"
1040,1,2.371754432,102.2262391,20.6238,"XUN FA MINI MARKET - small lorry"
1041,1,2.9498645,102.0888616,66.0692,"YAHYA MINI MARKET"
1042,1,2.674543,101.993237,32.4041,"YAKIN HALAL MART"
1043,1,3.164639,101.6083,69.2616,"YAYA NEW FLAVOURS SDN BHD (CLOSE: TUESDAY)"
1044,1,2.2223258,102.2996632,129.9065,"YEONG LONG"
1045,1,2.811894,101.73719,90.5644,"YI HONG CHUAN ENTERPRISE (hantar sebelum 9.30am)"
1046,1,2.6850488,101.7496854,14.1727,"YJK MINI MARKET"
1047,1,3.093395,101.37922,61.2725,"YK SEMENTA TRADING (MON: No receiving)"
1048,1,2.675555,101.976645,80.9970,"YL CASH & CARRY"
1049,1,3.074126,101.635687,58.2918,"YONG SOON FATT SDN. BHD"
1050,1,2.2686719,102.2365765,111.6961,"YOU 2 MART"
1051,1,3.275233,101.650625,129.4689,"YOW SENG SDN BHD"
1052,1,3.1881,101.573155,12.9554,"YOW SENG SDN BHD"
1053,1,2.972344,101.810053,35.6013,"YS HYPER"
1054,1,1.579532444,103.7332711,263.9018,"YTC ENTERPRISE & TRANSPORT AGENCY SDN BHD"
1055,1,3.054418,101.788344,271.2709,"YUANS F&B SDN BHD (WEDNESDAY CLOSE)"
1056,1,2.8915798,102.4076408,71.1137,"YUS HALIMAH ENTERPRISE"
1057,1,2.674735,101.929801,58.2914,"YUSNI IDRIS ENTERPRISE - NASI AYAM GEMAS MUSTAFAH (Friday close)"
1058,1,3.129047,101.465127,72.2140,"YUVAS CASH & CARRY (Mon-Sat: 9am-6pm)"
1059,1,3.803536521,103.3019198,217.2252,"YUYI MINI MARKET (Receiving 11am to 6 pm)"
1060,1,2.803548,101.80454,199.9846,"YUZIE MINI MARKET"
1061,1,2.962411,101.330055,55.5756,"ZUHAIRINA FAMILY ENTERPRISE (Mon-Sat: 9am-6pm|Fri: No delivery)"